CREATE DATABASE  IF NOT EXISTS `foozup_restaurant` /*!40100 DEFAULT CHARACTER SET latin1 */;
USE `foozup_restaurant`;
-- MySQL dump 10.13  Distrib 5.7.9, for osx10.9 (x86_64)
--
-- Host: 188.166.188.195    Database: foozup_restaurant
-- ------------------------------------------------------
-- Server version	5.5.46-0ubuntu0.14.04.2

/*!40101 SET @OLD_CHARACTER_SET_CLIENT=@@CHARACTER_SET_CLIENT */;
/*!40101 SET @OLD_CHARACTER_SET_RESULTS=@@CHARACTER_SET_RESULTS */;
/*!40101 SET @OLD_COLLATION_CONNECTION=@@COLLATION_CONNECTION */;
/*!40101 SET NAMES utf8 */;
/*!40103 SET @OLD_TIME_ZONE=@@TIME_ZONE */;
/*!40103 SET TIME_ZONE='+00:00' */;
/*!40014 SET @OLD_UNIQUE_CHECKS=@@UNIQUE_CHECKS, UNIQUE_CHECKS=0 */;
/*!40014 SET @OLD_FOREIGN_KEY_CHECKS=@@FOREIGN_KEY_CHECKS, FOREIGN_KEY_CHECKS=0 */;
/*!40101 SET @OLD_SQL_MODE=@@SQL_MODE, SQL_MODE='NO_AUTO_VALUE_ON_ZERO' */;
/*!40111 SET @OLD_SQL_NOTES=@@SQL_NOTES, SQL_NOTES=0 */;

--
-- Table structure for table `areas`
--

DROP TABLE IF EXISTS `areas`;
/*!40101 SET @saved_cs_client     = @@character_set_client */;
/*!40101 SET character_set_client = utf8 */;
CREATE TABLE `areas` (
  `id` int(11) NOT NULL AUTO_INCREMENT,
  `name` varchar(255) NOT NULL,
  `city_id` int(11) NOT NULL,
  `lat` varchar(30) NOT NULL,
  `lon` varchar(30) NOT NULL,
  `created_at` datetime NOT NULL,
  `updated_at` datetime NOT NULL,
  PRIMARY KEY (`id`)
) ENGINE=MyISAM AUTO_INCREMENT=37 DEFAULT CHARSET=latin1;
/*!40101 SET character_set_client = @saved_cs_client */;

--
-- Dumping data for table `areas`
--

LOCK TABLES `areas` WRITE;
/*!40000 ALTER TABLE `areas` DISABLE KEYS */;
INSERT INTO `areas` VALUES (1,'Sector 17',1,'28.4791609','77.05932459999997','2015-12-25 12:51:25','2015-12-25 12:51:25'),(2,'Sector 31',1,'28.453807','77.0492504','2015-12-30 10:07:27','2015-12-30 10:07:27'),(3,'Sector 48',1,'28.4100475','77.03537740000002','2015-12-30 10:42:48','2015-12-30 10:42:48'),(4,'Sohna Road',1,'28.428030055949577','77.03717900265497','2015-12-30 12:29:49','2015-12-30 12:29:49'),(5,'Sector 49',1,'28.4230528','77.09398090000002','2015-12-30 12:32:22','2015-12-30 12:32:22'),(6,'Sector 50',1,'28.4160426','77.05932459999997','2015-12-30 12:33:04','2015-12-30 12:33:04'),(7,'Sector 71',1,'28.4103693','77.028145','2015-12-30 12:34:01','2015-12-30 12:34:01'),(8,'Sector 72',1,'28.4236375','77.01902280000002','2015-12-30 12:36:49','2015-12-30 12:36:49'),(9,'Sector 66',1,'28.3982709','77.05356800000004','2015-12-30 12:37:32','2015-12-30 12:37:32'),(10,'Sector 67',1,'28.386048','77.06076370000005','2015-12-30 12:38:48','2015-12-30 12:38:48'),(11,'Sector 70',1,'28.3967953','77.02334150000002','2015-12-30 12:39:27','2015-12-30 12:39:27'),(12,'Sector 38',1,'28.4357613','77.04061469999999','2015-12-30 12:39:57','2015-12-30 12:39:57'),(13,'Sector 33',1,'28.4388158','77.02765999999997','2015-12-30 12:40:24','2015-12-30 12:40:24'),(14,'Sector 34',1,'28.4282635','77.00750549999998','2015-12-30 12:41:16','2015-12-30 12:41:16'),(15,'Sector 47',1,'28.4264124','77.04781120000007','2016-01-03 16:18:17','2016-01-03 16:18:17'),(16,'Sector 51',1,'28.429647','77.06651999999997','2016-01-03 16:18:53','2016-01-03 16:18:53'),(17,'Sector 57',1,'28.4234414','77.07659269999999','2016-01-03 16:19:41','2016-01-03 16:19:41'),(18,'Sector 69',1,'28.3981822','77.037736','2016-01-03 16:20:30','2016-01-03 16:20:30'),(19,'South City 2',1,'28.4175717','77.05284840000002','2016-01-03 16:21:36','2016-01-03 16:21:36'),(20,'Sector 56',1,'28.4262171','77.096765','2016-01-05 14:08:14','2016-01-05 14:08:14'),(21,'Sector 55',1,'28.4280506','77.10968290000005','2016-01-05 14:08:40','2016-01-05 14:08:40'),(22,'Dlf Phase 4',1,'28.4646699','77.08448010000006','2016-01-05 14:09:16','2016-01-05 14:09:16'),(23,'Golf Course Road',1,'28.4539519','77.09805349999999','2016-01-05 14:10:03','2016-01-05 14:10:03'),(24,'MG Road',1,'28.4804036','77.07841699999994','2016-01-05 14:10:37','2016-01-05 14:10:37'),(25,'Sector 27',1,'28.4657793','77.09170029999996','2016-01-05 14:11:11','2016-01-05 14:11:11'),(26,'Sushant Lok 1',1,'28.4634412','77.07675569999992','2016-01-05 14:11:37','2016-01-05 14:11:37'),(27,'Sushant Lok 2',1,'28.4255615','77.08739070000001','2016-01-05 14:22:52','2016-01-05 14:22:52'),(28,'Sector 40',1,'28.4498494','77.0566887','2016-01-05 14:56:04','2016-01-05 14:56:04'),(29,'Sector 21',1,'28.5133929','77.07227590000002','2016-01-10 10:00:38','2016-01-10 10:18:26'),(30,'Sector 45',1,'28.4452895','77.0650809','2016-01-12 12:19:44','2016-01-12 12:19:44'),(31,'Sector 46',1,'28.4345552','77.0578855','2016-01-12 12:20:13','2016-01-12 12:20:13'),(32,'Sector 14',1,'28.4707417','77.04637189999994','2016-01-12 12:55:26','2016-01-12 12:55:26'),(33,'Sector 17',1,'28.4791609','77.05932459999997','2016-01-12 12:55:52','2016-01-12 12:55:52'),(34,'Sector 15',1,'28.4621359','77.04637189999994','2016-01-12 12:56:23','2016-01-12 12:56:23'),(35,'DLF Phase 1',1,'28.4650453','77.10071169999992','2016-01-20 13:26:06','2016-01-20 13:26:06'),(36,'Sector 52',1,'28.4354721','77.08234820000007','2016-01-24 19:00:46','2016-01-24 19:00:46');
/*!40000 ALTER TABLE `areas` ENABLE KEYS */;
UNLOCK TABLES;

--
-- Table structure for table `cities`
--

DROP TABLE IF EXISTS `cities`;
/*!40101 SET @saved_cs_client     = @@character_set_client */;
/*!40101 SET character_set_client = utf8 */;
CREATE TABLE `cities` (
  `id` int(11) NOT NULL AUTO_INCREMENT,
  `name` varchar(255) NOT NULL,
  `lat` varchar(30) NOT NULL,
  `lon` varchar(30) NOT NULL,
  `created_at` datetime NOT NULL,
  `updated_at` datetime NOT NULL,
  PRIMARY KEY (`id`)
) ENGINE=MyISAM AUTO_INCREMENT=3 DEFAULT CHARSET=latin1;
/*!40101 SET character_set_client = @saved_cs_client */;

--
-- Dumping data for table `cities`
--

LOCK TABLES `cities` WRITE;
/*!40000 ALTER TABLE `cities` DISABLE KEYS */;
INSERT INTO `cities` VALUES (1,'Gurgaon','28.4594965','77.02663830000006','2015-12-25 12:49:43','2015-12-25 12:49:43');
/*!40000 ALTER TABLE `cities` ENABLE KEYS */;
UNLOCK TABLES;

--
-- Table structure for table `cuisines`
--

DROP TABLE IF EXISTS `cuisines`;
/*!40101 SET @saved_cs_client     = @@character_set_client */;
/*!40101 SET character_set_client = utf8 */;
CREATE TABLE `cuisines` (
  `id` int(11) NOT NULL AUTO_INCREMENT,
  `name` varchar(255) NOT NULL,
  `description` text NOT NULL,
  `created_at` datetime NOT NULL,
  `updated_at` datetime NOT NULL,
  PRIMARY KEY (`id`)
) ENGINE=MyISAM AUTO_INCREMENT=29 DEFAULT CHARSET=latin1;
/*!40101 SET character_set_client = @saved_cs_client */;

--
-- Dumping data for table `cuisines`
--

LOCK TABLES `cuisines` WRITE;
/*!40000 ALTER TABLE `cuisines` DISABLE KEYS */;
INSERT INTO `cuisines` VALUES (1,'Asian','','2015-12-25 18:07:05','2015-12-25 18:07:05'),(2,'Bakery','','2015-12-25 18:07:05','2015-12-25 18:07:05'),(3,'Biryani','','2015-12-25 18:07:05','2015-12-25 18:07:05'),(4,'Chinese','','2015-12-25 18:07:05','2015-12-25 18:07:05'),(5,'Continental','','2015-12-25 18:07:05','2015-12-25 18:07:05'),(6,'Desserts','','2015-12-25 18:07:05','2015-12-25 18:07:05'),(7,'Fast Food','','2015-12-25 18:07:05','2015-12-25 18:07:05'),(8,'Hyderabadi','','2015-12-25 18:07:05','2015-12-25 18:07:05'),(9,'Ice Creams','','2015-12-25 18:07:05','2015-12-25 18:07:05'),(10,'Italian','','2015-12-25 18:07:05','2015-12-25 18:07:05'),(11,'Japanese','','2015-12-25 18:07:05','2015-12-25 18:07:05'),(12,'Lucknowi','','2015-12-25 18:07:05','2015-12-25 18:07:05'),(13,'Mexican','','2015-12-25 18:07:05','2015-12-25 18:07:05'),(14,'Mughlai','','2015-12-25 18:07:05','2015-12-25 18:07:05'),(15,'North Indian','','2015-12-25 18:07:05','2015-12-25 18:07:05'),(16,'Pizza','','2015-12-25 18:07:05','2015-12-25 18:07:05'),(17,'South Indian','','2015-12-25 18:07:05','2015-12-25 18:07:05'),(18,'Street Food','','2015-12-25 18:07:05','2015-12-25 18:07:05'),(19,'Sweets','','2015-12-25 18:07:05','2015-12-25 18:07:05'),(20,'Thai','','2015-12-25 18:07:05','2015-12-25 18:07:05'),(21,'Burger','','2015-12-25 18:07:05','2015-12-25 18:07:05'),(22,'American','','2015-12-25 18:07:05','2015-12-25 18:07:05'),(23,'Wraps & Rolls','','2015-12-25 18:07:05','2015-12-25 18:07:05'),(24,'Sea Food','','2015-12-25 18:07:05','2015-12-25 18:07:05'),(25,'Mediterranean ','','2016-01-12 12:17:08','2016-01-12 12:17:08'),(26,'Moroccan','','2016-01-12 12:17:35','2016-01-12 12:17:35'),(27,'Lebanese','','2016-01-12 12:17:58','2016-01-12 12:17:58'),(28,'Cakes','','2016-01-21 12:52:02','2016-01-21 12:52:02');
/*!40000 ALTER TABLE `cuisines` ENABLE KEYS */;
UNLOCK TABLES;

--
-- Table structure for table `features`
--

DROP TABLE IF EXISTS `features`;
/*!40101 SET @saved_cs_client     = @@character_set_client */;
/*!40101 SET character_set_client = utf8 */;
CREATE TABLE `features` (
  `id` int(11) NOT NULL AUTO_INCREMENT,
  `name` varchar(255) NOT NULL,
  `description` text NOT NULL,
  `created_at` datetime NOT NULL,
  `updated_at` datetime NOT NULL,
  PRIMARY KEY (`id`)
) ENGINE=MyISAM AUTO_INCREMENT=12 DEFAULT CHARSET=latin1;
/*!40101 SET character_set_client = @saved_cs_client */;

--
-- Dumping data for table `features`
--

LOCK TABLES `features` WRITE;
/*!40000 ALTER TABLE `features` DISABLE KEYS */;
INSERT INTO `features` VALUES (1,'Pure Veg','','2015-12-25 18:10:06','2015-12-25 18:10:06'),(2,'Buffet','','2015-12-25 18:10:06','2015-12-25 18:10:06'),(3,'Wifi','','2015-12-25 18:10:06','2015-12-25 18:10:06'),(4,'Dine In','','2015-12-25 18:10:06','2016-01-05 14:42:39'),(5,'Air Conditioner','','2015-12-25 18:10:06','2015-12-25 18:10:06'),(6,'Alcohol Served','','2015-12-25 18:10:06','2015-12-25 18:10:06'),(7,'Tiffin Services','','2015-12-25 18:10:06','2015-12-25 18:10:06'),(8,'Catering','','2015-12-25 18:10:06','2016-01-05 14:42:10'),(9,'Takeaway Only','','2016-01-05 14:55:07','2016-01-05 14:58:21'),(10,'Private Dining Room','','2016-01-14 10:10:28','2016-01-14 10:10:28'),(11,'Breakfast','','2016-01-15 13:01:06','2016-01-15 13:01:06');
/*!40000 ALTER TABLE `features` ENABLE KEYS */;
UNLOCK TABLES;

--
-- Table structure for table `franchisee_update_logs`
--

DROP TABLE IF EXISTS `franchisee_update_logs`;
/*!40101 SET @saved_cs_client     = @@character_set_client */;
/*!40101 SET character_set_client = utf8 */;
CREATE TABLE `franchisee_update_logs` (
  `id` int(11) NOT NULL AUTO_INCREMENT,
  `update_id` int(11) NOT NULL,
  `user_id` int(11) NOT NULL,
  `log` text NOT NULL,
  `update_status` tinyint(1) NOT NULL,
  `created_at` datetime NOT NULL,
  `updated_at` datetime NOT NULL,
  PRIMARY KEY (`id`)
) ENGINE=MyISAM DEFAULT CHARSET=latin1;
/*!40101 SET character_set_client = @saved_cs_client */;

--
-- Dumping data for table `franchisee_update_logs`
--

LOCK TABLES `franchisee_update_logs` WRITE;
/*!40000 ALTER TABLE `franchisee_update_logs` DISABLE KEYS */;
/*!40000 ALTER TABLE `franchisee_update_logs` ENABLE KEYS */;
UNLOCK TABLES;

--
-- Table structure for table `franchisee_updates`
--

DROP TABLE IF EXISTS `franchisee_updates`;
/*!40101 SET @saved_cs_client     = @@character_set_client */;
/*!40101 SET character_set_client = utf8 */;
CREATE TABLE `franchisee_updates` (
  `id` int(11) NOT NULL AUTO_INCREMENT,
  `franchisee_id` int(11) NOT NULL,
  `updates` text NOT NULL,
  `start_date` date NOT NULL,
  `end_date` date NOT NULL,
  `all_time` tinyint(1) NOT NULL,
  `start_time` time NOT NULL,
  `end_time` time NOT NULL,
  `activation_type` tinyint(1) NOT NULL,
  `reason` text NOT NULL,
  `status` tinyint(1) NOT NULL,
  `created_at` datetime NOT NULL,
  `updated_at` datetime NOT NULL,
  PRIMARY KEY (`id`)
) ENGINE=InnoDB DEFAULT CHARSET=latin1;
/*!40101 SET character_set_client = @saved_cs_client */;

--
-- Dumping data for table `franchisee_updates`
--

LOCK TABLES `franchisee_updates` WRITE;
/*!40000 ALTER TABLE `franchisee_updates` DISABLE KEYS */;
/*!40000 ALTER TABLE `franchisee_updates` ENABLE KEYS */;
UNLOCK TABLES;

--
-- Table structure for table `franchisee_updates_days`
--

DROP TABLE IF EXISTS `franchisee_updates_days`;
/*!40101 SET @saved_cs_client     = @@character_set_client */;
/*!40101 SET character_set_client = utf8 */;
CREATE TABLE `franchisee_updates_days` (
  `id` int(11) NOT NULL AUTO_INCREMENT,
  `update_id` int(11) NOT NULL,
  `days` int(11) NOT NULL,
  `created_at` datetime NOT NULL,
  `updated_at` datetime NOT NULL,
  PRIMARY KEY (`id`)
) ENGINE=MyISAM DEFAULT CHARSET=latin1;
/*!40101 SET character_set_client = @saved_cs_client */;

--
-- Dumping data for table `franchisee_updates_days`
--

LOCK TABLES `franchisee_updates_days` WRITE;
/*!40000 ALTER TABLE `franchisee_updates_days` DISABLE KEYS */;
/*!40000 ALTER TABLE `franchisee_updates_days` ENABLE KEYS */;
UNLOCK TABLES;

--
-- Table structure for table `franchisee_updates_restaurant`
--

DROP TABLE IF EXISTS `franchisee_updates_restaurant`;
/*!40101 SET @saved_cs_client     = @@character_set_client */;
/*!40101 SET character_set_client = utf8 */;
CREATE TABLE `franchisee_updates_restaurant` (
  `id` int(11) NOT NULL AUTO_INCREMENT,
  `update_id` int(11) NOT NULL,
  `restaurant_id` int(11) NOT NULL,
  `created_at` datetime NOT NULL,
  `updated_at` datetime NOT NULL,
  PRIMARY KEY (`id`)
) ENGINE=InnoDB DEFAULT CHARSET=latin1;
/*!40101 SET character_set_client = @saved_cs_client */;

--
-- Dumping data for table `franchisee_updates_restaurant`
--

LOCK TABLES `franchisee_updates_restaurant` WRITE;
/*!40000 ALTER TABLE `franchisee_updates_restaurant` DISABLE KEYS */;
/*!40000 ALTER TABLE `franchisee_updates_restaurant` ENABLE KEYS */;
UNLOCK TABLES;

--
-- Table structure for table `locations`
--

DROP TABLE IF EXISTS `locations`;
/*!40101 SET @saved_cs_client     = @@character_set_client */;
/*!40101 SET character_set_client = utf8 */;
CREATE TABLE `locations` (
  `id` int(11) NOT NULL AUTO_INCREMENT,
  `name` varchar(250) NOT NULL,
  `city_id` int(11) NOT NULL,
  `area_id` int(11) NOT NULL,
  `lat` varchar(30) NOT NULL,
  `lon` varchar(30) NOT NULL,
  `created_at` datetime NOT NULL,
  `updated_at` datetime NOT NULL,
  PRIMARY KEY (`id`)
) ENGINE=MyISAM AUTO_INCREMENT=17 DEFAULT CHARSET=latin1;
/*!40101 SET character_set_client = @saved_cs_client */;

--
-- Dumping data for table `locations`
--

LOCK TABLES `locations` WRITE;
/*!40000 ALTER TABLE `locations` DISABLE KEYS */;
INSERT INTO `locations` VALUES (1,'Good Earth City Center',1,6,'28.421852365033235','77.05291843405575','2016-01-09 20:20:03','2016-01-10 10:36:22'),(2,'Vatika Business Park',1,5,'28.405617515846416','77.04445695396726','2016-01-09 20:47:43','2016-01-09 20:49:15'),(4,'Global Business Park',1,24,'28.4820575','77.1032573','2016-01-10 10:08:29','2016-01-10 10:08:29'),(7,'Hero Honda Chowk',1,13,'28.4358812','77.01017039999999','2016-01-10 10:13:54','2016-01-10 10:13:54'),(9,'Baani Square',1,6,'28.4160426','77.05932459999997','2016-01-16 09:50:26','2016-01-16 09:51:04'),(8,'UnitechInfospace',1,29,'28.4268521','77.03136710000001','2016-01-10 10:18:00','2016-01-10 10:18:00'),(10,'Sapphire Mall',1,5,'28.4594965','77.02663830000006','2016-01-24 18:12:46','2016-01-24 18:12:46'),(11,'Other Location',1,6,'28.4160426','77.05932459999997','2016-02-06 08:12:53','2016-02-06 08:12:53'),(12,'Other Location',1,19,'28.4175717','77.05284840000002','2016-02-06 09:53:24','2016-02-06 09:53:24'),(13,'Other Location',1,5,'28.4112024','77.04904910000005','2016-02-06 09:57:17','2016-02-06 09:57:17'),(14,'Ninex Mall',1,5,'28.4112024','77.04904910000005','2016-02-06 11:05:16','2016-02-06 11:05:16'),(16,'JMD Megapolis Mall',1,3,'28.4128529','77.03798019999999','2016-02-06 11:19:00','2016-02-06 11:19:00');
/*!40000 ALTER TABLE `locations` ENABLE KEYS */;
UNLOCK TABLES;

--
-- Table structure for table `logs`
--

DROP TABLE IF EXISTS `logs`;
/*!40101 SET @saved_cs_client     = @@character_set_client */;
/*!40101 SET character_set_client = utf8 */;
CREATE TABLE `logs` (
  `user_id` int(11) NOT NULL,
  `restaurant_id` int(11) NOT NULL,
  `type` varchar(500) NOT NULL,
  `ip_address` varchar(60) NOT NULL,
  `created_at` datetime NOT NULL,
  `updated_at` datetime NOT NULL
) ENGINE=InnoDB DEFAULT CHARSET=latin1;
/*!40101 SET character_set_client = @saved_cs_client */;

--
-- Dumping data for table `logs`
--

LOCK TABLES `logs` WRITE;
/*!40000 ALTER TABLE `logs` DISABLE KEYS */;
INSERT INTO `logs` VALUES (0,0,'List Updates From City','150.107.8.230','2016-02-09 23:38:07','2016-02-09 23:38:07'),(0,0,'List Updates From City','150.107.8.230','2016-02-09 23:38:08','2016-02-09 23:38:08'),(0,41,'View Restaurant','150.107.8.230','2016-02-09 18:08:36','2016-02-09 18:08:36');
/*!40000 ALTER TABLE `logs` ENABLE KEYS */;
UNLOCK TABLES;

--
-- Table structure for table `menus`
--

DROP TABLE IF EXISTS `menus`;
/*!40101 SET @saved_cs_client     = @@character_set_client */;
/*!40101 SET character_set_client = utf8 */;
CREATE TABLE `menus` (
  `id` int(11) NOT NULL AUTO_INCREMENT,
  `restaurant_id` int(11) NOT NULL,
  `title` varchar(250) NOT NULL,
  `image` varchar(250) NOT NULL,
  `order_no` int(11) NOT NULL,
  `created_at` datetime NOT NULL,
  `updated_at` datetime NOT NULL,
  PRIMARY KEY (`id`)
) ENGINE=MyISAM DEFAULT CHARSET=latin1;
/*!40101 SET character_set_client = @saved_cs_client */;

--
-- Dumping data for table `menus`
--

LOCK TABLES `menus` WRITE;
/*!40000 ALTER TABLE `menus` DISABLE KEYS */;
/*!40000 ALTER TABLE `menus` ENABLE KEYS */;
UNLOCK TABLES;

--
-- Table structure for table `migrations`
--

DROP TABLE IF EXISTS `migrations`;
/*!40101 SET @saved_cs_client     = @@character_set_client */;
/*!40101 SET character_set_client = utf8 */;
CREATE TABLE `migrations` (
  `migration` varchar(255) COLLATE utf8_unicode_ci NOT NULL,
  `batch` int(11) NOT NULL
) ENGINE=InnoDB DEFAULT CHARSET=utf8 COLLATE=utf8_unicode_ci;
/*!40101 SET character_set_client = @saved_cs_client */;

--
-- Dumping data for table `migrations`
--

LOCK TABLES `migrations` WRITE;
/*!40000 ALTER TABLE `migrations` DISABLE KEYS */;
INSERT INTO `migrations` VALUES ('2016_01_02_204345_phone2',1),('2016_01_02_204425_delivery_info',2);
/*!40000 ALTER TABLE `migrations` ENABLE KEYS */;
UNLOCK TABLES;

--
-- Table structure for table `password_reminders`
--

DROP TABLE IF EXISTS `password_reminders`;
/*!40101 SET @saved_cs_client     = @@character_set_client */;
/*!40101 SET character_set_client = utf8 */;
CREATE TABLE `password_reminders` (
  `id` int(11) NOT NULL AUTO_INCREMENT,
  `email` varchar(250) NOT NULL,
  `token` text NOT NULL,
  `created_at` datetime NOT NULL,
  PRIMARY KEY (`id`)
) ENGINE=MyISAM AUTO_INCREMENT=27 DEFAULT CHARSET=latin1;
/*!40101 SET character_set_client = @saved_cs_client */;

--
-- Dumping data for table `password_reminders`
--

LOCK TABLES `password_reminders` WRITE;
/*!40000 ALTER TABLE `password_reminders` DISABLE KEYS */;
INSERT INTO `password_reminders` VALUES (1,'chhavid2k5@gmail.com','dae02281f0fc5cdd6eec8cc7968551015130ed1a','2015-12-26 16:58:41'),(2,'maheshyadav1991@gmail.com','84d1b7ff04eb55fc56d8c6c739c97d660c6a99d1','2015-12-30 12:57:57'),(3,'Chhavid2k5@gmail.com','68e4197e843ccb9158e8a236c4060476b0a11177','2015-12-30 15:58:17'),(4,'Chhavid2k5@gmail.com','40692f1fd0342349bbd6d4ecf4b0944ea98859bd','2015-12-30 16:03:45'),(5,'d_miglani@yahoo.co.in','593f19ac088ab5604dfa43c23c535de753d90f52','2015-12-30 18:23:22'),(6,'sahilkapoor1987@gmail.com','210f96684546ccf02765953f82ddf28434299039','2016-01-01 23:19:28'),(7,'sahilkapoor1987@gmail.com','713e01478e9effc46e76a7143b04699ace3d4cb3','2016-01-01 23:27:59'),(8,'sahilkapoor1987@gmail.com','15e60232612da9e21295a1c4f38a852fb02c7ef5','2016-01-01 23:28:34'),(9,'sahilkapoor1987@gmail.com','93aa380758f45796b2857af34fabea7863b5848a','2016-01-01 23:45:09'),(10,'sahilkapoor1987@gmail.com','d1d1a5672870e54bc573355cad513c5634c02b10','2016-01-01 23:47:42'),(11,'sahilkapoor1987@gmail.com','bd57d37d31a1121703bd61d6146bf1785c434c75','2016-01-01 23:53:29'),(12,'sahilkapoor1987@gmail.com','2f1734a8c38f546e490f0abc93d202c5a5cc5061','2016-01-01 23:58:02'),(13,'sahilkapoor1987@gmail.com','627806f5d8c8fd8be41b24e0949879956521cb9e','2016-01-01 23:59:08'),(14,'sahilkapoor1987@gmail.com','a9f6d538e3ec2378d0480e4dcb258354b5132548','2016-01-02 00:04:20'),(15,'sahilkapoor1987@gmail.com','951773da19328d03c06a86ab592fa75d52022b2d','2016-01-02 00:04:51'),(16,'sahilkapoor1987@gmail.com','e8d77dfeb79a79040a51d6de5f78236e45f257ba','2016-01-02 00:16:04'),(17,'sahilkapoor1987@gmail.com','7292ec683e9d01eec42e5fbc80e6243738793c7d','2016-01-02 02:21:08'),(18,'sahilkapoor1987@gmail.com','a0db0c5345dbc7d073185f1d2c38e73f5f723bba','2016-01-02 06:31:28'),(19,'sahilkapoor1987@gmail.com','04ed9dcdbb9335f32d721d144436127495d50900','2016-01-02 06:41:11'),(20,'sahilkapoor1987@gmail.com','2b24fece71c8327d8ccfe38afdc2c4458457f70a','2016-01-02 07:37:11'),(21,'sahilkapoor1987@gmail.com','1652f7073ea00f671dfe5bd33535c405baf98124','2016-01-02 07:38:52'),(22,'sahilkapoor1987@gmail.com','f270390eb6624cf84f581600e079175b06c817a8','2016-01-02 07:42:00'),(23,'sahilkapoor1987@gmail.com','73c90e066c704d3e7872d85f5c857d2cf3a56830','2016-01-02 08:12:06'),(24,'sahilkapoor1987@gmail.com','405af602ec9fa7b4ee099aff78584ce2dbeaa3df','2016-01-02 13:21:22');
/*!40000 ALTER TABLE `password_reminders` ENABLE KEYS */;
UNLOCK TABLES;

--
-- Table structure for table `payments`
--

DROP TABLE IF EXISTS `payments`;
/*!40101 SET @saved_cs_client     = @@character_set_client */;
/*!40101 SET character_set_client = utf8 */;
CREATE TABLE `payments` (
  `id` int(11) NOT NULL AUTO_INCREMENT,
  `name` varchar(255) NOT NULL,
  `description` text NOT NULL,
  `created_at` datetime NOT NULL,
  `updated_at` datetime NOT NULL,
  PRIMARY KEY (`id`)
) ENGINE=MyISAM AUTO_INCREMENT=7 DEFAULT CHARSET=latin1;
/*!40101 SET character_set_client = @saved_cs_client */;

--
-- Dumping data for table `payments`
--

LOCK TABLES `payments` WRITE;
/*!40000 ALTER TABLE `payments` DISABLE KEYS */;
INSERT INTO `payments` VALUES (1,'Credit Card','','2015-12-25 18:12:39','2015-12-25 18:12:39'),(2,'Cash','','2015-12-25 18:12:39','2015-12-25 18:12:39'),(3,'Accor','','2015-12-25 18:12:39','2015-12-25 18:12:39'),(4,'Sodexo Meal Pass','','2015-12-25 18:12:39','2015-12-25 18:12:39'),(5,'Sodexo Gift Pass','','2015-12-25 18:12:39','2015-12-25 18:12:39'),(6,'PayU Money','','2016-01-05 14:54:00','2016-01-05 14:54:00');
/*!40000 ALTER TABLE `payments` ENABLE KEYS */;
UNLOCK TABLES;

--
-- Table structure for table `restaurant_areas_served`
--

DROP TABLE IF EXISTS `restaurant_areas_served`;
/*!40101 SET @saved_cs_client     = @@character_set_client */;
/*!40101 SET character_set_client = utf8 */;
CREATE TABLE `restaurant_areas_served` (
  `id` int(11) NOT NULL AUTO_INCREMENT,
  `restaurant_id` int(11) NOT NULL,
  `area_id` int(11) NOT NULL,
  `created_at` datetime NOT NULL,
  `updated_at` datetime NOT NULL,
  PRIMARY KEY (`id`)
) ENGINE=MyISAM AUTO_INCREMENT=1075 DEFAULT CHARSET=latin1;
/*!40101 SET character_set_client = @saved_cs_client */;

--
-- Dumping data for table `restaurant_areas_served`
--

LOCK TABLES `restaurant_areas_served` WRITE;
/*!40000 ALTER TABLE `restaurant_areas_served` DISABLE KEYS */;
INSERT INTO `restaurant_areas_served` VALUES (56,1,2,'0000-00-00 00:00:00','0000-00-00 00:00:00'),(37,2,1,'0000-00-00 00:00:00','0000-00-00 00:00:00'),(54,3,1,'0000-00-00 00:00:00','0000-00-00 00:00:00'),(7,4,1,'0000-00-00 00:00:00','0000-00-00 00:00:00'),(8,5,1,'0000-00-00 00:00:00','0000-00-00 00:00:00'),(55,1,1,'0000-00-00 00:00:00','0000-00-00 00:00:00'),(1039,6,4,'0000-00-00 00:00:00','0000-00-00 00:00:00'),(1038,6,8,'0000-00-00 00:00:00','0000-00-00 00:00:00'),(1037,6,7,'0000-00-00 00:00:00','0000-00-00 00:00:00'),(1036,6,11,'0000-00-00 00:00:00','0000-00-00 00:00:00'),(1035,6,10,'0000-00-00 00:00:00','0000-00-00 00:00:00'),(1034,6,9,'0000-00-00 00:00:00','0000-00-00 00:00:00'),(1033,6,6,'0000-00-00 00:00:00','0000-00-00 00:00:00'),(1032,6,5,'0000-00-00 00:00:00','0000-00-00 00:00:00'),(1031,6,3,'0000-00-00 00:00:00','0000-00-00 00:00:00'),(1030,6,12,'0000-00-00 00:00:00','0000-00-00 00:00:00'),(1029,6,14,'0000-00-00 00:00:00','0000-00-00 00:00:00'),(1028,6,13,'0000-00-00 00:00:00','0000-00-00 00:00:00'),(39,7,2,'0000-00-00 00:00:00','0000-00-00 00:00:00'),(41,8,1,'0000-00-00 00:00:00','0000-00-00 00:00:00'),(678,9,8,'0000-00-00 00:00:00','0000-00-00 00:00:00'),(60,10,8,'0000-00-00 00:00:00','0000-00-00 00:00:00'),(122,11,14,'0000-00-00 00:00:00','0000-00-00 00:00:00'),(121,11,11,'0000-00-00 00:00:00','0000-00-00 00:00:00'),(120,11,10,'0000-00-00 00:00:00','0000-00-00 00:00:00'),(119,11,8,'0000-00-00 00:00:00','0000-00-00 00:00:00'),(118,11,7,'0000-00-00 00:00:00','0000-00-00 00:00:00'),(117,11,6,'0000-00-00 00:00:00','0000-00-00 00:00:00'),(116,11,5,'0000-00-00 00:00:00','0000-00-00 00:00:00'),(115,11,3,'0000-00-00 00:00:00','0000-00-00 00:00:00'),(93,12,14,'0000-00-00 00:00:00','0000-00-00 00:00:00'),(885,13,5,'0000-00-00 00:00:00','0000-00-00 00:00:00'),(884,13,4,'0000-00-00 00:00:00','0000-00-00 00:00:00'),(883,13,3,'0000-00-00 00:00:00','0000-00-00 00:00:00'),(902,14,8,'0000-00-00 00:00:00','0000-00-00 00:00:00'),(901,14,4,'0000-00-00 00:00:00','0000-00-00 00:00:00'),(900,14,3,'0000-00-00 00:00:00','0000-00-00 00:00:00'),(123,11,15,'0000-00-00 00:00:00','0000-00-00 00:00:00'),(124,11,16,'0000-00-00 00:00:00','0000-00-00 00:00:00'),(125,11,17,'0000-00-00 00:00:00','0000-00-00 00:00:00'),(126,11,18,'0000-00-00 00:00:00','0000-00-00 00:00:00'),(127,11,19,'0000-00-00 00:00:00','0000-00-00 00:00:00'),(234,15,5,'0000-00-00 00:00:00','0000-00-00 00:00:00'),(241,16,28,'0000-00-00 00:00:00','0000-00-00 00:00:00'),(240,16,15,'0000-00-00 00:00:00','0000-00-00 00:00:00'),(239,16,12,'0000-00-00 00:00:00','0000-00-00 00:00:00'),(238,16,6,'0000-00-00 00:00:00','0000-00-00 00:00:00'),(237,16,5,'0000-00-00 00:00:00','0000-00-00 00:00:00'),(236,16,4,'0000-00-00 00:00:00','0000-00-00 00:00:00'),(711,17,21,'0000-00-00 00:00:00','0000-00-00 00:00:00'),(710,17,20,'0000-00-00 00:00:00','0000-00-00 00:00:00'),(709,17,17,'0000-00-00 00:00:00','0000-00-00 00:00:00'),(708,17,15,'0000-00-00 00:00:00','0000-00-00 00:00:00'),(758,18,27,'0000-00-00 00:00:00','0000-00-00 00:00:00'),(905,19,5,'0000-00-00 00:00:00','0000-00-00 00:00:00'),(904,19,4,'0000-00-00 00:00:00','0000-00-00 00:00:00'),(903,19,3,'0000-00-00 00:00:00','0000-00-00 00:00:00'),(757,18,26,'0000-00-00 00:00:00','0000-00-00 00:00:00'),(756,18,25,'0000-00-00 00:00:00','0000-00-00 00:00:00'),(755,18,24,'0000-00-00 00:00:00','0000-00-00 00:00:00'),(754,18,23,'0000-00-00 00:00:00','0000-00-00 00:00:00'),(753,18,22,'0000-00-00 00:00:00','0000-00-00 00:00:00'),(707,17,5,'0000-00-00 00:00:00','0000-00-00 00:00:00'),(706,17,3,'0000-00-00 00:00:00','0000-00-00 00:00:00'),(235,16,3,'0000-00-00 00:00:00','0000-00-00 00:00:00'),(233,15,4,'0000-00-00 00:00:00','0000-00-00 00:00:00'),(694,20,5,'0000-00-00 00:00:00','0000-00-00 00:00:00'),(687,21,5,'0000-00-00 00:00:00','0000-00-00 00:00:00'),(232,22,5,'0000-00-00 00:00:00','0000-00-00 00:00:00'),(259,23,11,'0000-00-00 00:00:00','0000-00-00 00:00:00'),(258,23,18,'0000-00-00 00:00:00','0000-00-00 00:00:00'),(686,24,4,'0000-00-00 00:00:00','0000-00-00 00:00:00'),(685,24,3,'0000-00-00 00:00:00','0000-00-00 00:00:00'),(733,25,19,'0000-00-00 00:00:00','0000-00-00 00:00:00'),(732,25,6,'0000-00-00 00:00:00','0000-00-00 00:00:00'),(279,26,6,'0000-00-00 00:00:00','0000-00-00 00:00:00'),(278,26,5,'0000-00-00 00:00:00','0000-00-00 00:00:00'),(277,26,4,'0000-00-00 00:00:00','0000-00-00 00:00:00'),(280,28,13,'0000-00-00 00:00:00','0000-00-00 00:00:00'),(281,27,24,'0000-00-00 00:00:00','0000-00-00 00:00:00'),(282,29,29,'0000-00-00 00:00:00','0000-00-00 00:00:00'),(731,25,4,'0000-00-00 00:00:00','0000-00-00 00:00:00'),(286,31,6,'0000-00-00 00:00:00','0000-00-00 00:00:00'),(851,32,5,'0000-00-00 00:00:00','0000-00-00 00:00:00'),(850,32,4,'0000-00-00 00:00:00','0000-00-00 00:00:00'),(849,32,3,'0000-00-00 00:00:00','0000-00-00 00:00:00'),(796,33,19,'0000-00-00 00:00:00','0000-00-00 00:00:00'),(795,33,6,'0000-00-00 00:00:00','0000-00-00 00:00:00'),(794,33,5,'0000-00-00 00:00:00','0000-00-00 00:00:00'),(793,33,4,'0000-00-00 00:00:00','0000-00-00 00:00:00'),(792,33,3,'0000-00-00 00:00:00','0000-00-00 00:00:00'),(303,34,23,'0000-00-00 00:00:00','0000-00-00 00:00:00'),(304,34,4,'0000-00-00 00:00:00','0000-00-00 00:00:00'),(780,35,19,'0000-00-00 00:00:00','0000-00-00 00:00:00'),(779,35,17,'0000-00-00 00:00:00','0000-00-00 00:00:00'),(778,35,6,'0000-00-00 00:00:00','0000-00-00 00:00:00'),(777,35,5,'0000-00-00 00:00:00','0000-00-00 00:00:00'),(776,35,4,'0000-00-00 00:00:00','0000-00-00 00:00:00'),(775,35,3,'0000-00-00 00:00:00','0000-00-00 00:00:00'),(705,36,6,'0000-00-00 00:00:00','0000-00-00 00:00:00'),(774,37,34,'0000-00-00 00:00:00','0000-00-00 00:00:00'),(773,37,32,'0000-00-00 00:00:00','0000-00-00 00:00:00'),(772,37,1,'0000-00-00 00:00:00','0000-00-00 00:00:00'),(752,38,6,'0000-00-00 00:00:00','0000-00-00 00:00:00'),(751,38,5,'0000-00-00 00:00:00','0000-00-00 00:00:00'),(771,39,5,'0000-00-00 00:00:00','0000-00-00 00:00:00'),(770,39,4,'0000-00-00 00:00:00','0000-00-00 00:00:00'),(769,39,3,'0000-00-00 00:00:00','0000-00-00 00:00:00'),(816,40,6,'0000-00-00 00:00:00','0000-00-00 00:00:00'),(815,40,5,'0000-00-00 00:00:00','0000-00-00 00:00:00'),(814,40,4,'0000-00-00 00:00:00','0000-00-00 00:00:00'),(813,40,3,'0000-00-00 00:00:00','0000-00-00 00:00:00'),(704,41,6,'0000-00-00 00:00:00','0000-00-00 00:00:00'),(703,41,5,'0000-00-00 00:00:00','0000-00-00 00:00:00'),(702,41,4,'0000-00-00 00:00:00','0000-00-00 00:00:00'),(701,41,3,'0000-00-00 00:00:00','0000-00-00 00:00:00'),(838,42,6,'0000-00-00 00:00:00','0000-00-00 00:00:00'),(837,42,5,'0000-00-00 00:00:00','0000-00-00 00:00:00'),(836,42,4,'0000-00-00 00:00:00','0000-00-00 00:00:00'),(835,42,3,'0000-00-00 00:00:00','0000-00-00 00:00:00'),(791,43,31,'0000-00-00 00:00:00','0000-00-00 00:00:00'),(790,43,30,'0000-00-00 00:00:00','0000-00-00 00:00:00'),(789,43,28,'0000-00-00 00:00:00','0000-00-00 00:00:00'),(788,43,20,'0000-00-00 00:00:00','0000-00-00 00:00:00'),(787,43,19,'0000-00-00 00:00:00','0000-00-00 00:00:00'),(786,43,17,'0000-00-00 00:00:00','0000-00-00 00:00:00'),(785,43,16,'0000-00-00 00:00:00','0000-00-00 00:00:00'),(784,43,15,'0000-00-00 00:00:00','0000-00-00 00:00:00'),(783,43,6,'0000-00-00 00:00:00','0000-00-00 00:00:00'),(782,43,5,'0000-00-00 00:00:00','0000-00-00 00:00:00'),(781,43,3,'0000-00-00 00:00:00','0000-00-00 00:00:00'),(899,44,15,'0000-00-00 00:00:00','0000-00-00 00:00:00'),(898,44,6,'0000-00-00 00:00:00','0000-00-00 00:00:00'),(897,44,5,'0000-00-00 00:00:00','0000-00-00 00:00:00'),(896,44,4,'0000-00-00 00:00:00','0000-00-00 00:00:00'),(895,44,3,'0000-00-00 00:00:00','0000-00-00 00:00:00'),(819,45,5,'0000-00-00 00:00:00','0000-00-00 00:00:00'),(818,45,4,'0000-00-00 00:00:00','0000-00-00 00:00:00'),(817,45,3,'0000-00-00 00:00:00','0000-00-00 00:00:00'),(801,46,15,'0000-00-00 00:00:00','0000-00-00 00:00:00'),(800,46,6,'0000-00-00 00:00:00','0000-00-00 00:00:00'),(799,46,5,'0000-00-00 00:00:00','0000-00-00 00:00:00'),(798,46,4,'0000-00-00 00:00:00','0000-00-00 00:00:00'),(797,46,3,'0000-00-00 00:00:00','0000-00-00 00:00:00'),(750,47,31,'0000-00-00 00:00:00','0000-00-00 00:00:00'),(749,47,30,'0000-00-00 00:00:00','0000-00-00 00:00:00'),(748,47,20,'0000-00-00 00:00:00','0000-00-00 00:00:00'),(747,47,18,'0000-00-00 00:00:00','0000-00-00 00:00:00'),(746,47,17,'0000-00-00 00:00:00','0000-00-00 00:00:00'),(745,47,16,'0000-00-00 00:00:00','0000-00-00 00:00:00'),(744,47,15,'0000-00-00 00:00:00','0000-00-00 00:00:00'),(743,47,12,'0000-00-00 00:00:00','0000-00-00 00:00:00'),(742,47,11,'0000-00-00 00:00:00','0000-00-00 00:00:00'),(741,47,6,'0000-00-00 00:00:00','0000-00-00 00:00:00'),(740,47,5,'0000-00-00 00:00:00','0000-00-00 00:00:00'),(739,47,3,'0000-00-00 00:00:00','0000-00-00 00:00:00'),(625,48,15,'0000-00-00 00:00:00','0000-00-00 00:00:00'),(624,48,6,'0000-00-00 00:00:00','0000-00-00 00:00:00'),(623,48,5,'0000-00-00 00:00:00','0000-00-00 00:00:00'),(622,48,3,'0000-00-00 00:00:00','0000-00-00 00:00:00'),(873,49,15,'0000-00-00 00:00:00','0000-00-00 00:00:00'),(872,49,6,'0000-00-00 00:00:00','0000-00-00 00:00:00'),(871,49,5,'0000-00-00 00:00:00','0000-00-00 00:00:00'),(870,49,4,'0000-00-00 00:00:00','0000-00-00 00:00:00'),(869,49,3,'0000-00-00 00:00:00','0000-00-00 00:00:00'),(768,50,19,'0000-00-00 00:00:00','0000-00-00 00:00:00'),(767,50,15,'0000-00-00 00:00:00','0000-00-00 00:00:00'),(766,50,6,'0000-00-00 00:00:00','0000-00-00 00:00:00'),(765,50,4,'0000-00-00 00:00:00','0000-00-00 00:00:00'),(764,50,3,'0000-00-00 00:00:00','0000-00-00 00:00:00'),(700,51,19,'0000-00-00 00:00:00','0000-00-00 00:00:00'),(699,51,15,'0000-00-00 00:00:00','0000-00-00 00:00:00'),(698,51,6,'0000-00-00 00:00:00','0000-00-00 00:00:00'),(697,51,5,'0000-00-00 00:00:00','0000-00-00 00:00:00'),(696,51,4,'0000-00-00 00:00:00','0000-00-00 00:00:00'),(695,51,3,'0000-00-00 00:00:00','0000-00-00 00:00:00'),(730,52,19,'0000-00-00 00:00:00','0000-00-00 00:00:00'),(729,52,15,'0000-00-00 00:00:00','0000-00-00 00:00:00'),(728,52,6,'0000-00-00 00:00:00','0000-00-00 00:00:00'),(727,52,5,'0000-00-00 00:00:00','0000-00-00 00:00:00'),(726,52,4,'0000-00-00 00:00:00','0000-00-00 00:00:00'),(725,52,3,'0000-00-00 00:00:00','0000-00-00 00:00:00'),(724,53,35,'0000-00-00 00:00:00','0000-00-00 00:00:00'),(844,54,19,'0000-00-00 00:00:00','0000-00-00 00:00:00'),(843,54,15,'0000-00-00 00:00:00','0000-00-00 00:00:00'),(842,54,6,'0000-00-00 00:00:00','0000-00-00 00:00:00'),(841,54,5,'0000-00-00 00:00:00','0000-00-00 00:00:00'),(840,54,4,'0000-00-00 00:00:00','0000-00-00 00:00:00'),(839,54,3,'0000-00-00 00:00:00','0000-00-00 00:00:00'),(723,55,19,'0000-00-00 00:00:00','0000-00-00 00:00:00'),(722,55,15,'0000-00-00 00:00:00','0000-00-00 00:00:00'),(721,55,6,'0000-00-00 00:00:00','0000-00-00 00:00:00'),(720,55,5,'0000-00-00 00:00:00','0000-00-00 00:00:00'),(719,55,4,'0000-00-00 00:00:00','0000-00-00 00:00:00'),(718,55,3,'0000-00-00 00:00:00','0000-00-00 00:00:00'),(693,56,19,'0000-00-00 00:00:00','0000-00-00 00:00:00'),(692,56,15,'0000-00-00 00:00:00','0000-00-00 00:00:00'),(691,56,6,'0000-00-00 00:00:00','0000-00-00 00:00:00'),(690,56,5,'0000-00-00 00:00:00','0000-00-00 00:00:00'),(689,56,4,'0000-00-00 00:00:00','0000-00-00 00:00:00'),(688,56,3,'0000-00-00 00:00:00','0000-00-00 00:00:00'),(868,57,19,'0000-00-00 00:00:00','0000-00-00 00:00:00'),(867,57,15,'0000-00-00 00:00:00','0000-00-00 00:00:00'),(866,57,6,'0000-00-00 00:00:00','0000-00-00 00:00:00'),(865,57,5,'0000-00-00 00:00:00','0000-00-00 00:00:00'),(864,57,4,'0000-00-00 00:00:00','0000-00-00 00:00:00'),(863,57,3,'0000-00-00 00:00:00','0000-00-00 00:00:00'),(830,58,19,'0000-00-00 00:00:00','0000-00-00 00:00:00'),(829,58,15,'0000-00-00 00:00:00','0000-00-00 00:00:00'),(828,58,6,'0000-00-00 00:00:00','0000-00-00 00:00:00'),(827,58,5,'0000-00-00 00:00:00','0000-00-00 00:00:00'),(826,58,4,'0000-00-00 00:00:00','0000-00-00 00:00:00'),(825,58,3,'0000-00-00 00:00:00','0000-00-00 00:00:00'),(812,59,19,'0000-00-00 00:00:00','0000-00-00 00:00:00'),(811,59,6,'0000-00-00 00:00:00','0000-00-00 00:00:00'),(810,59,5,'0000-00-00 00:00:00','0000-00-00 00:00:00'),(809,59,4,'0000-00-00 00:00:00','0000-00-00 00:00:00'),(808,59,3,'0000-00-00 00:00:00','0000-00-00 00:00:00'),(893,60,19,'0000-00-00 00:00:00','0000-00-00 00:00:00'),(892,60,15,'0000-00-00 00:00:00','0000-00-00 00:00:00'),(891,60,6,'0000-00-00 00:00:00','0000-00-00 00:00:00'),(890,60,5,'0000-00-00 00:00:00','0000-00-00 00:00:00'),(889,60,4,'0000-00-00 00:00:00','0000-00-00 00:00:00'),(888,60,3,'0000-00-00 00:00:00','0000-00-00 00:00:00'),(894,61,36,'0000-00-00 00:00:00','0000-00-00 00:00:00'),(807,62,19,'0000-00-00 00:00:00','0000-00-00 00:00:00'),(806,62,15,'0000-00-00 00:00:00','0000-00-00 00:00:00'),(805,62,6,'0000-00-00 00:00:00','0000-00-00 00:00:00'),(804,62,5,'0000-00-00 00:00:00','0000-00-00 00:00:00'),(803,62,4,'0000-00-00 00:00:00','0000-00-00 00:00:00'),(802,62,3,'0000-00-00 00:00:00','0000-00-00 00:00:00'),(738,63,19,'0000-00-00 00:00:00','0000-00-00 00:00:00'),(737,63,6,'0000-00-00 00:00:00','0000-00-00 00:00:00'),(736,63,5,'0000-00-00 00:00:00','0000-00-00 00:00:00'),(735,63,4,'0000-00-00 00:00:00','0000-00-00 00:00:00'),(734,63,3,'0000-00-00 00:00:00','0000-00-00 00:00:00'),(716,64,19,'0000-00-00 00:00:00','0000-00-00 00:00:00'),(715,64,15,'0000-00-00 00:00:00','0000-00-00 00:00:00'),(714,64,5,'0000-00-00 00:00:00','0000-00-00 00:00:00'),(713,64,4,'0000-00-00 00:00:00','0000-00-00 00:00:00'),(712,64,3,'0000-00-00 00:00:00','0000-00-00 00:00:00'),(824,65,19,'0000-00-00 00:00:00','0000-00-00 00:00:00'),(823,65,15,'0000-00-00 00:00:00','0000-00-00 00:00:00'),(822,65,5,'0000-00-00 00:00:00','0000-00-00 00:00:00'),(821,65,4,'0000-00-00 00:00:00','0000-00-00 00:00:00'),(820,65,3,'0000-00-00 00:00:00','0000-00-00 00:00:00'),(848,66,15,'0000-00-00 00:00:00','0000-00-00 00:00:00'),(847,66,5,'0000-00-00 00:00:00','0000-00-00 00:00:00'),(846,66,4,'0000-00-00 00:00:00','0000-00-00 00:00:00'),(845,66,3,'0000-00-00 00:00:00','0000-00-00 00:00:00'),(621,67,4,'0000-00-00 00:00:00','0000-00-00 00:00:00'),(857,68,19,'0000-00-00 00:00:00','0000-00-00 00:00:00'),(856,68,15,'0000-00-00 00:00:00','0000-00-00 00:00:00'),(855,68,6,'0000-00-00 00:00:00','0000-00-00 00:00:00'),(854,68,5,'0000-00-00 00:00:00','0000-00-00 00:00:00'),(853,68,4,'0000-00-00 00:00:00','0000-00-00 00:00:00'),(852,68,3,'0000-00-00 00:00:00','0000-00-00 00:00:00'),(862,69,31,'0000-00-00 00:00:00','0000-00-00 00:00:00'),(861,69,30,'0000-00-00 00:00:00','0000-00-00 00:00:00'),(860,69,15,'0000-00-00 00:00:00','0000-00-00 00:00:00'),(859,69,5,'0000-00-00 00:00:00','0000-00-00 00:00:00'),(858,69,3,'0000-00-00 00:00:00','0000-00-00 00:00:00'),(877,70,15,'0000-00-00 00:00:00','0000-00-00 00:00:00'),(876,70,6,'0000-00-00 00:00:00','0000-00-00 00:00:00'),(875,70,5,'0000-00-00 00:00:00','0000-00-00 00:00:00'),(874,70,3,'0000-00-00 00:00:00','0000-00-00 00:00:00'),(882,71,19,'0000-00-00 00:00:00','0000-00-00 00:00:00'),(881,71,6,'0000-00-00 00:00:00','0000-00-00 00:00:00'),(880,71,5,'0000-00-00 00:00:00','0000-00-00 00:00:00'),(879,71,4,'0000-00-00 00:00:00','0000-00-00 00:00:00'),(878,71,3,'0000-00-00 00:00:00','0000-00-00 00:00:00'),(887,72,6,'0000-00-00 00:00:00','0000-00-00 00:00:00'),(886,72,4,'0000-00-00 00:00:00','0000-00-00 00:00:00'),(983,73,19,'0000-00-00 00:00:00','0000-00-00 00:00:00'),(982,73,15,'0000-00-00 00:00:00','0000-00-00 00:00:00'),(981,73,6,'0000-00-00 00:00:00','0000-00-00 00:00:00'),(980,73,5,'0000-00-00 00:00:00','0000-00-00 00:00:00'),(979,73,4,'0000-00-00 00:00:00','0000-00-00 00:00:00'),(978,73,3,'0000-00-00 00:00:00','0000-00-00 00:00:00'),(918,74,15,'0000-00-00 00:00:00','0000-00-00 00:00:00'),(987,75,15,'0000-00-00 00:00:00','0000-00-00 00:00:00'),(986,75,6,'0000-00-00 00:00:00','0000-00-00 00:00:00'),(985,75,5,'0000-00-00 00:00:00','0000-00-00 00:00:00'),(984,75,4,'0000-00-00 00:00:00','0000-00-00 00:00:00'),(988,76,19,'0000-00-00 00:00:00','0000-00-00 00:00:00'),(1001,77,19,'0000-00-00 00:00:00','0000-00-00 00:00:00'),(1000,77,16,'0000-00-00 00:00:00','0000-00-00 00:00:00'),(999,77,15,'0000-00-00 00:00:00','0000-00-00 00:00:00'),(998,77,6,'0000-00-00 00:00:00','0000-00-00 00:00:00'),(997,77,5,'0000-00-00 00:00:00','0000-00-00 00:00:00'),(996,77,4,'0000-00-00 00:00:00','0000-00-00 00:00:00'),(995,77,3,'0000-00-00 00:00:00','0000-00-00 00:00:00'),(994,78,19,'0000-00-00 00:00:00','0000-00-00 00:00:00'),(993,78,15,'0000-00-00 00:00:00','0000-00-00 00:00:00'),(992,78,6,'0000-00-00 00:00:00','0000-00-00 00:00:00'),(991,78,5,'0000-00-00 00:00:00','0000-00-00 00:00:00'),(990,78,4,'0000-00-00 00:00:00','0000-00-00 00:00:00'),(989,78,3,'0000-00-00 00:00:00','0000-00-00 00:00:00'),(977,79,19,'0000-00-00 00:00:00','0000-00-00 00:00:00'),(976,79,15,'0000-00-00 00:00:00','0000-00-00 00:00:00'),(975,79,6,'0000-00-00 00:00:00','0000-00-00 00:00:00'),(974,79,5,'0000-00-00 00:00:00','0000-00-00 00:00:00'),(973,79,4,'0000-00-00 00:00:00','0000-00-00 00:00:00'),(972,79,3,'0000-00-00 00:00:00','0000-00-00 00:00:00'),(1009,80,19,'0000-00-00 00:00:00','0000-00-00 00:00:00'),(1008,80,4,'0000-00-00 00:00:00','0000-00-00 00:00:00'),(1011,81,4,'0000-00-00 00:00:00','0000-00-00 00:00:00'),(1015,82,4,'0000-00-00 00:00:00','0000-00-00 00:00:00'),(1049,83,19,'0000-00-00 00:00:00','0000-00-00 00:00:00'),(1048,83,6,'0000-00-00 00:00:00','0000-00-00 00:00:00'),(1047,83,5,'0000-00-00 00:00:00','0000-00-00 00:00:00'),(1046,83,4,'0000-00-00 00:00:00','0000-00-00 00:00:00'),(1045,83,3,'0000-00-00 00:00:00','0000-00-00 00:00:00'),(1050,84,3,'0000-00-00 00:00:00','0000-00-00 00:00:00'),(1051,84,4,'0000-00-00 00:00:00','0000-00-00 00:00:00'),(1052,84,5,'0000-00-00 00:00:00','0000-00-00 00:00:00'),(1053,84,6,'0000-00-00 00:00:00','0000-00-00 00:00:00'),(1054,84,19,'0000-00-00 00:00:00','0000-00-00 00:00:00'),(1064,85,19,'0000-00-00 00:00:00','0000-00-00 00:00:00'),(1063,85,6,'0000-00-00 00:00:00','0000-00-00 00:00:00'),(1062,85,5,'0000-00-00 00:00:00','0000-00-00 00:00:00'),(1061,85,4,'0000-00-00 00:00:00','0000-00-00 00:00:00'),(1060,85,3,'0000-00-00 00:00:00','0000-00-00 00:00:00'),(1065,86,3,'0000-00-00 00:00:00','0000-00-00 00:00:00'),(1066,86,4,'0000-00-00 00:00:00','0000-00-00 00:00:00'),(1067,86,5,'0000-00-00 00:00:00','0000-00-00 00:00:00'),(1068,86,6,'0000-00-00 00:00:00','0000-00-00 00:00:00'),(1069,86,19,'0000-00-00 00:00:00','0000-00-00 00:00:00'),(1070,87,3,'0000-00-00 00:00:00','0000-00-00 00:00:00'),(1071,87,4,'0000-00-00 00:00:00','0000-00-00 00:00:00'),(1072,87,5,'0000-00-00 00:00:00','0000-00-00 00:00:00'),(1073,87,6,'0000-00-00 00:00:00','0000-00-00 00:00:00'),(1074,87,19,'0000-00-00 00:00:00','0000-00-00 00:00:00');
/*!40000 ALTER TABLE `restaurant_areas_served` ENABLE KEYS */;
UNLOCK TABLES;

--
-- Table structure for table `restaurant_cuisines`
--

DROP TABLE IF EXISTS `restaurant_cuisines`;
/*!40101 SET @saved_cs_client     = @@character_set_client */;
/*!40101 SET character_set_client = utf8 */;
CREATE TABLE `restaurant_cuisines` (
  `id` int(11) NOT NULL AUTO_INCREMENT,
  `restaurant_id` int(11) NOT NULL,
  `cuisine_id` int(11) NOT NULL,
  `created_at` datetime NOT NULL,
  `updated_at` datetime NOT NULL,
  PRIMARY KEY (`id`)
) ENGINE=MyISAM AUTO_INCREMENT=949 DEFAULT CHARSET=latin1;
/*!40101 SET character_set_client = @saved_cs_client */;

--
-- Dumping data for table `restaurant_cuisines`
--

LOCK TABLES `restaurant_cuisines` WRITE;
/*!40000 ALTER TABLE `restaurant_cuisines` DISABLE KEYS */;
INSERT INTO `restaurant_cuisines` VALUES (60,1,14,'0000-00-00 00:00:00','0000-00-00 00:00:00'),(59,1,12,'0000-00-00 00:00:00','0000-00-00 00:00:00'),(58,1,8,'0000-00-00 00:00:00','0000-00-00 00:00:00'),(57,1,3,'0000-00-00 00:00:00','0000-00-00 00:00:00'),(43,2,24,'0000-00-00 00:00:00','0000-00-00 00:00:00'),(42,2,23,'0000-00-00 00:00:00','0000-00-00 00:00:00'),(41,2,17,'0000-00-00 00:00:00','0000-00-00 00:00:00'),(56,3,24,'0000-00-00 00:00:00','0000-00-00 00:00:00'),(55,3,23,'0000-00-00 00:00:00','0000-00-00 00:00:00'),(20,4,2,'0000-00-00 00:00:00','0000-00-00 00:00:00'),(21,5,3,'0000-00-00 00:00:00','0000-00-00 00:00:00'),(22,5,15,'0000-00-00 00:00:00','0000-00-00 00:00:00'),(918,6,4,'0000-00-00 00:00:00','0000-00-00 00:00:00'),(917,6,3,'0000-00-00 00:00:00','0000-00-00 00:00:00'),(916,6,15,'0000-00-00 00:00:00','0000-00-00 00:00:00'),(51,8,15,'0000-00-00 00:00:00','0000-00-00 00:00:00'),(50,8,12,'0000-00-00 00:00:00','0000-00-00 00:00:00'),(49,8,3,'0000-00-00 00:00:00','0000-00-00 00:00:00'),(629,9,5,'0000-00-00 00:00:00','0000-00-00 00:00:00'),(628,9,21,'0000-00-00 00:00:00','0000-00-00 00:00:00'),(627,9,3,'0000-00-00 00:00:00','0000-00-00 00:00:00'),(626,9,2,'0000-00-00 00:00:00','0000-00-00 00:00:00'),(73,10,4,'0000-00-00 00:00:00','0000-00-00 00:00:00'),(74,10,3,'0000-00-00 00:00:00','0000-00-00 00:00:00'),(75,10,5,'0000-00-00 00:00:00','0000-00-00 00:00:00'),(97,11,18,'0000-00-00 00:00:00','0000-00-00 00:00:00'),(80,12,18,'0000-00-00 00:00:00','0000-00-00 00:00:00'),(804,13,15,'0000-00-00 00:00:00','0000-00-00 00:00:00'),(821,14,19,'0000-00-00 00:00:00','0000-00-00 00:00:00'),(820,14,18,'0000-00-00 00:00:00','0000-00-00 00:00:00'),(819,14,17,'0000-00-00 00:00:00','0000-00-00 00:00:00'),(818,14,7,'0000-00-00 00:00:00','0000-00-00 00:00:00'),(245,15,18,'0000-00-00 00:00:00','0000-00-00 00:00:00'),(244,15,17,'0000-00-00 00:00:00','0000-00-00 00:00:00'),(243,15,4,'0000-00-00 00:00:00','0000-00-00 00:00:00'),(256,16,23,'0000-00-00 00:00:00','0000-00-00 00:00:00'),(255,16,18,'0000-00-00 00:00:00','0000-00-00 00:00:00'),(254,16,17,'0000-00-00 00:00:00','0000-00-00 00:00:00'),(253,16,15,'0000-00-00 00:00:00','0000-00-00 00:00:00'),(252,16,14,'0000-00-00 00:00:00','0000-00-00 00:00:00'),(251,16,12,'0000-00-00 00:00:00','0000-00-00 00:00:00'),(250,16,9,'0000-00-00 00:00:00','0000-00-00 00:00:00'),(249,16,7,'0000-00-00 00:00:00','0000-00-00 00:00:00'),(248,16,6,'0000-00-00 00:00:00','0000-00-00 00:00:00'),(247,16,4,'0000-00-00 00:00:00','0000-00-00 00:00:00'),(246,16,3,'0000-00-00 00:00:00','0000-00-00 00:00:00'),(675,17,16,'0000-00-00 00:00:00','0000-00-00 00:00:00'),(674,17,10,'0000-00-00 00:00:00','0000-00-00 00:00:00'),(673,17,7,'0000-00-00 00:00:00','0000-00-00 00:00:00'),(672,17,5,'0000-00-00 00:00:00','0000-00-00 00:00:00'),(671,17,21,'0000-00-00 00:00:00','0000-00-00 00:00:00'),(711,18,16,'0000-00-00 00:00:00','0000-00-00 00:00:00'),(710,18,10,'0000-00-00 00:00:00','0000-00-00 00:00:00'),(709,18,7,'0000-00-00 00:00:00','0000-00-00 00:00:00'),(708,18,5,'0000-00-00 00:00:00','0000-00-00 00:00:00'),(707,18,21,'0000-00-00 00:00:00','0000-00-00 00:00:00'),(823,19,17,'0000-00-00 00:00:00','0000-00-00 00:00:00'),(822,19,15,'0000-00-00 00:00:00','0000-00-00 00:00:00'),(646,20,23,'0000-00-00 00:00:00','0000-00-00 00:00:00'),(645,20,17,'0000-00-00 00:00:00','0000-00-00 00:00:00'),(644,20,7,'0000-00-00 00:00:00','0000-00-00 00:00:00'),(643,20,6,'0000-00-00 00:00:00','0000-00-00 00:00:00'),(642,20,21,'0000-00-00 00:00:00','0000-00-00 00:00:00'),(640,21,23,'0000-00-00 00:00:00','0000-00-00 00:00:00'),(639,21,17,'0000-00-00 00:00:00','0000-00-00 00:00:00'),(638,21,7,'0000-00-00 00:00:00','0000-00-00 00:00:00'),(637,21,6,'0000-00-00 00:00:00','0000-00-00 00:00:00'),(636,21,21,'0000-00-00 00:00:00','0000-00-00 00:00:00'),(242,22,7,'0000-00-00 00:00:00','0000-00-00 00:00:00'),(241,0,0,'0000-00-00 00:00:00','0000-00-00 00:00:00'),(635,24,3,'0000-00-00 00:00:00','0000-00-00 00:00:00'),(694,25,15,'0000-00-00 00:00:00','0000-00-00 00:00:00'),(693,25,4,'0000-00-00 00:00:00','0000-00-00 00:00:00'),(692,25,3,'0000-00-00 00:00:00','0000-00-00 00:00:00'),(280,26,10,'0000-00-00 00:00:00','0000-00-00 00:00:00'),(279,26,7,'0000-00-00 00:00:00','0000-00-00 00:00:00'),(278,26,6,'0000-00-00 00:00:00','0000-00-00 00:00:00'),(277,26,2,'0000-00-00 00:00:00','0000-00-00 00:00:00'),(781,32,15,'0000-00-00 00:00:00','0000-00-00 00:00:00'),(780,32,4,'0000-00-00 00:00:00','0000-00-00 00:00:00'),(737,33,15,'0000-00-00 00:00:00','0000-00-00 00:00:00'),(736,33,4,'0000-00-00 00:00:00','0000-00-00 00:00:00'),(735,33,3,'0000-00-00 00:00:00','0000-00-00 00:00:00'),(294,0,0,'0000-00-00 00:00:00','0000-00-00 00:00:00'),(726,35,10,'0000-00-00 00:00:00','0000-00-00 00:00:00'),(725,35,21,'0000-00-00 00:00:00','0000-00-00 00:00:00'),(670,36,24,'0000-00-00 00:00:00','0000-00-00 00:00:00'),(669,36,16,'0000-00-00 00:00:00','0000-00-00 00:00:00'),(668,36,26,'0000-00-00 00:00:00','0000-00-00 00:00:00'),(667,36,27,'0000-00-00 00:00:00','0000-00-00 00:00:00'),(666,36,10,'0000-00-00 00:00:00','0000-00-00 00:00:00'),(665,36,7,'0000-00-00 00:00:00','0000-00-00 00:00:00'),(664,36,6,'0000-00-00 00:00:00','0000-00-00 00:00:00'),(663,36,5,'0000-00-00 00:00:00','0000-00-00 00:00:00'),(662,36,21,'0000-00-00 00:00:00','0000-00-00 00:00:00'),(724,37,15,'0000-00-00 00:00:00','0000-00-00 00:00:00'),(723,37,4,'0000-00-00 00:00:00','0000-00-00 00:00:00'),(722,37,1,'0000-00-00 00:00:00','0000-00-00 00:00:00'),(706,38,23,'0000-00-00 00:00:00','0000-00-00 00:00:00'),(705,38,15,'0000-00-00 00:00:00','0000-00-00 00:00:00'),(721,39,15,'0000-00-00 00:00:00','0000-00-00 00:00:00'),(720,39,7,'0000-00-00 00:00:00','0000-00-00 00:00:00'),(719,39,3,'0000-00-00 00:00:00','0000-00-00 00:00:00'),(760,40,15,'0000-00-00 00:00:00','0000-00-00 00:00:00'),(759,40,14,'0000-00-00 00:00:00','0000-00-00 00:00:00'),(758,40,12,'0000-00-00 00:00:00','0000-00-00 00:00:00'),(757,40,8,'0000-00-00 00:00:00','0000-00-00 00:00:00'),(756,40,6,'0000-00-00 00:00:00','0000-00-00 00:00:00'),(755,40,4,'0000-00-00 00:00:00','0000-00-00 00:00:00'),(754,40,3,'0000-00-00 00:00:00','0000-00-00 00:00:00'),(661,41,20,'0000-00-00 00:00:00','0000-00-00 00:00:00'),(660,41,24,'0000-00-00 00:00:00','0000-00-00 00:00:00'),(659,41,16,'0000-00-00 00:00:00','0000-00-00 00:00:00'),(658,41,15,'0000-00-00 00:00:00','0000-00-00 00:00:00'),(657,41,14,'0000-00-00 00:00:00','0000-00-00 00:00:00'),(656,41,13,'0000-00-00 00:00:00','0000-00-00 00:00:00'),(655,41,12,'0000-00-00 00:00:00','0000-00-00 00:00:00'),(654,41,10,'0000-00-00 00:00:00','0000-00-00 00:00:00'),(653,41,6,'0000-00-00 00:00:00','0000-00-00 00:00:00'),(652,41,5,'0000-00-00 00:00:00','0000-00-00 00:00:00'),(651,41,4,'0000-00-00 00:00:00','0000-00-00 00:00:00'),(650,41,21,'0000-00-00 00:00:00','0000-00-00 00:00:00'),(649,41,3,'0000-00-00 00:00:00','0000-00-00 00:00:00'),(774,42,15,'0000-00-00 00:00:00','0000-00-00 00:00:00'),(773,42,14,'0000-00-00 00:00:00','0000-00-00 00:00:00'),(772,42,6,'0000-00-00 00:00:00','0000-00-00 00:00:00'),(771,42,4,'0000-00-00 00:00:00','0000-00-00 00:00:00'),(770,42,3,'0000-00-00 00:00:00','0000-00-00 00:00:00'),(734,43,23,'0000-00-00 00:00:00','0000-00-00 00:00:00'),(733,43,16,'0000-00-00 00:00:00','0000-00-00 00:00:00'),(732,43,10,'0000-00-00 00:00:00','0000-00-00 00:00:00'),(731,43,7,'0000-00-00 00:00:00','0000-00-00 00:00:00'),(730,43,6,'0000-00-00 00:00:00','0000-00-00 00:00:00'),(729,43,5,'0000-00-00 00:00:00','0000-00-00 00:00:00'),(728,43,21,'0000-00-00 00:00:00','0000-00-00 00:00:00'),(727,43,22,'0000-00-00 00:00:00','0000-00-00 00:00:00'),(817,44,24,'0000-00-00 00:00:00','0000-00-00 00:00:00'),(816,44,16,'0000-00-00 00:00:00','0000-00-00 00:00:00'),(815,44,10,'0000-00-00 00:00:00','0000-00-00 00:00:00'),(814,44,5,'0000-00-00 00:00:00','0000-00-00 00:00:00'),(763,45,15,'0000-00-00 00:00:00','0000-00-00 00:00:00'),(762,45,4,'0000-00-00 00:00:00','0000-00-00 00:00:00'),(761,45,3,'0000-00-00 00:00:00','0000-00-00 00:00:00'),(740,46,23,'0000-00-00 00:00:00','0000-00-00 00:00:00'),(739,46,6,'0000-00-00 00:00:00','0000-00-00 00:00:00'),(738,46,2,'0000-00-00 00:00:00','0000-00-00 00:00:00'),(704,47,23,'0000-00-00 00:00:00','0000-00-00 00:00:00'),(703,47,15,'0000-00-00 00:00:00','0000-00-00 00:00:00'),(702,47,11,'0000-00-00 00:00:00','0000-00-00 00:00:00'),(701,47,10,'0000-00-00 00:00:00','0000-00-00 00:00:00'),(700,47,5,'0000-00-00 00:00:00','0000-00-00 00:00:00'),(699,47,4,'0000-00-00 00:00:00','0000-00-00 00:00:00'),(698,47,3,'0000-00-00 00:00:00','0000-00-00 00:00:00'),(697,47,22,'0000-00-00 00:00:00','0000-00-00 00:00:00'),(585,48,15,'0000-00-00 00:00:00','0000-00-00 00:00:00'),(584,48,6,'0000-00-00 00:00:00','0000-00-00 00:00:00'),(583,48,4,'0000-00-00 00:00:00','0000-00-00 00:00:00'),(582,48,1,'0000-00-00 00:00:00','0000-00-00 00:00:00'),(799,49,23,'0000-00-00 00:00:00','0000-00-00 00:00:00'),(798,49,15,'0000-00-00 00:00:00','0000-00-00 00:00:00'),(797,49,12,'0000-00-00 00:00:00','0000-00-00 00:00:00'),(796,49,8,'0000-00-00 00:00:00','0000-00-00 00:00:00'),(795,49,5,'0000-00-00 00:00:00','0000-00-00 00:00:00'),(794,49,4,'0000-00-00 00:00:00','0000-00-00 00:00:00'),(793,49,3,'0000-00-00 00:00:00','0000-00-00 00:00:00'),(718,50,13,'0000-00-00 00:00:00','0000-00-00 00:00:00'),(717,50,10,'0000-00-00 00:00:00','0000-00-00 00:00:00'),(716,50,5,'0000-00-00 00:00:00','0000-00-00 00:00:00'),(648,51,6,'0000-00-00 00:00:00','0000-00-00 00:00:00'),(647,51,21,'0000-00-00 00:00:00','0000-00-00 00:00:00'),(691,52,15,'0000-00-00 00:00:00','0000-00-00 00:00:00'),(690,52,14,'0000-00-00 00:00:00','0000-00-00 00:00:00'),(689,53,15,'0000-00-00 00:00:00','0000-00-00 00:00:00'),(688,53,14,'0000-00-00 00:00:00','0000-00-00 00:00:00'),(687,53,3,'0000-00-00 00:00:00','0000-00-00 00:00:00'),(777,54,20,'0000-00-00 00:00:00','0000-00-00 00:00:00'),(776,54,4,'0000-00-00 00:00:00','0000-00-00 00:00:00'),(775,54,1,'0000-00-00 00:00:00','0000-00-00 00:00:00'),(686,55,17,'0000-00-00 00:00:00','0000-00-00 00:00:00'),(685,55,24,'0000-00-00 00:00:00','0000-00-00 00:00:00'),(684,55,6,'0000-00-00 00:00:00','0000-00-00 00:00:00'),(683,55,3,'0000-00-00 00:00:00','0000-00-00 00:00:00'),(641,56,15,'0000-00-00 00:00:00','0000-00-00 00:00:00'),(792,57,6,'0000-00-00 00:00:00','0000-00-00 00:00:00'),(791,57,28,'0000-00-00 00:00:00','0000-00-00 00:00:00'),(769,58,15,'0000-00-00 00:00:00','0000-00-00 00:00:00'),(768,58,14,'0000-00-00 00:00:00','0000-00-00 00:00:00'),(767,58,4,'0000-00-00 00:00:00','0000-00-00 00:00:00'),(766,58,3,'0000-00-00 00:00:00','0000-00-00 00:00:00'),(753,59,23,'0000-00-00 00:00:00','0000-00-00 00:00:00'),(752,59,15,'0000-00-00 00:00:00','0000-00-00 00:00:00'),(751,59,14,'0000-00-00 00:00:00','0000-00-00 00:00:00'),(750,59,12,'0000-00-00 00:00:00','0000-00-00 00:00:00'),(749,59,6,'0000-00-00 00:00:00','0000-00-00 00:00:00'),(748,59,3,'0000-00-00 00:00:00','0000-00-00 00:00:00'),(809,60,23,'0000-00-00 00:00:00','0000-00-00 00:00:00'),(808,60,15,'0000-00-00 00:00:00','0000-00-00 00:00:00'),(807,60,14,'0000-00-00 00:00:00','0000-00-00 00:00:00'),(806,60,4,'0000-00-00 00:00:00','0000-00-00 00:00:00'),(805,60,3,'0000-00-00 00:00:00','0000-00-00 00:00:00'),(813,61,23,'0000-00-00 00:00:00','0000-00-00 00:00:00'),(812,61,15,'0000-00-00 00:00:00','0000-00-00 00:00:00'),(811,61,4,'0000-00-00 00:00:00','0000-00-00 00:00:00'),(810,61,3,'0000-00-00 00:00:00','0000-00-00 00:00:00'),(747,62,24,'0000-00-00 00:00:00','0000-00-00 00:00:00'),(746,62,15,'0000-00-00 00:00:00','0000-00-00 00:00:00'),(745,62,14,'0000-00-00 00:00:00','0000-00-00 00:00:00'),(744,62,12,'0000-00-00 00:00:00','0000-00-00 00:00:00'),(743,62,8,'0000-00-00 00:00:00','0000-00-00 00:00:00'),(742,62,4,'0000-00-00 00:00:00','0000-00-00 00:00:00'),(741,62,3,'0000-00-00 00:00:00','0000-00-00 00:00:00'),(696,63,15,'0000-00-00 00:00:00','0000-00-00 00:00:00'),(695,63,4,'0000-00-00 00:00:00','0000-00-00 00:00:00'),(678,64,14,'0000-00-00 00:00:00','0000-00-00 00:00:00'),(677,64,12,'0000-00-00 00:00:00','0000-00-00 00:00:00'),(676,64,7,'0000-00-00 00:00:00','0000-00-00 00:00:00'),(765,65,20,'0000-00-00 00:00:00','0000-00-00 00:00:00'),(764,65,4,'0000-00-00 00:00:00','0000-00-00 00:00:00'),(779,66,15,'0000-00-00 00:00:00','0000-00-00 00:00:00'),(778,66,14,'0000-00-00 00:00:00','0000-00-00 00:00:00'),(581,67,23,'0000-00-00 00:00:00','0000-00-00 00:00:00'),(580,67,18,'0000-00-00 00:00:00','0000-00-00 00:00:00'),(579,67,14,'0000-00-00 00:00:00','0000-00-00 00:00:00'),(578,67,12,'0000-00-00 00:00:00','0000-00-00 00:00:00'),(577,67,7,'0000-00-00 00:00:00','0000-00-00 00:00:00'),(576,67,4,'0000-00-00 00:00:00','0000-00-00 00:00:00'),(575,67,3,'0000-00-00 00:00:00','0000-00-00 00:00:00'),(784,68,15,'0000-00-00 00:00:00','0000-00-00 00:00:00'),(783,68,4,'0000-00-00 00:00:00','0000-00-00 00:00:00'),(782,68,3,'0000-00-00 00:00:00','0000-00-00 00:00:00'),(790,69,23,'0000-00-00 00:00:00','0000-00-00 00:00:00'),(789,69,24,'0000-00-00 00:00:00','0000-00-00 00:00:00'),(788,69,15,'0000-00-00 00:00:00','0000-00-00 00:00:00'),(787,69,14,'0000-00-00 00:00:00','0000-00-00 00:00:00'),(786,69,4,'0000-00-00 00:00:00','0000-00-00 00:00:00'),(785,69,3,'0000-00-00 00:00:00','0000-00-00 00:00:00'),(802,70,23,'0000-00-00 00:00:00','0000-00-00 00:00:00'),(801,70,15,'0000-00-00 00:00:00','0000-00-00 00:00:00'),(800,70,14,'0000-00-00 00:00:00','0000-00-00 00:00:00'),(803,71,27,'0000-00-00 00:00:00','0000-00-00 00:00:00'),(863,73,10,'0000-00-00 00:00:00','0000-00-00 00:00:00'),(862,73,4,'0000-00-00 00:00:00','0000-00-00 00:00:00'),(861,73,21,'0000-00-00 00:00:00','0000-00-00 00:00:00'),(830,74,4,'0000-00-00 00:00:00','0000-00-00 00:00:00'),(866,75,17,'0000-00-00 00:00:00','0000-00-00 00:00:00'),(865,75,15,'0000-00-00 00:00:00','0000-00-00 00:00:00'),(864,75,4,'0000-00-00 00:00:00','0000-00-00 00:00:00'),(867,76,2,'0000-00-00 00:00:00','0000-00-00 00:00:00'),(876,77,23,'0000-00-00 00:00:00','0000-00-00 00:00:00'),(875,77,21,'0000-00-00 00:00:00','0000-00-00 00:00:00'),(874,77,3,'0000-00-00 00:00:00','0000-00-00 00:00:00'),(873,78,23,'0000-00-00 00:00:00','0000-00-00 00:00:00'),(872,78,24,'0000-00-00 00:00:00','0000-00-00 00:00:00'),(871,78,15,'0000-00-00 00:00:00','0000-00-00 00:00:00'),(870,78,14,'0000-00-00 00:00:00','0000-00-00 00:00:00'),(869,78,4,'0000-00-00 00:00:00','0000-00-00 00:00:00'),(868,78,3,'0000-00-00 00:00:00','0000-00-00 00:00:00'),(860,79,15,'0000-00-00 00:00:00','0000-00-00 00:00:00'),(894,80,15,'0000-00-00 00:00:00','0000-00-00 00:00:00'),(893,80,14,'0000-00-00 00:00:00','0000-00-00 00:00:00'),(892,80,4,'0000-00-00 00:00:00','0000-00-00 00:00:00'),(891,80,3,'0000-00-00 00:00:00','0000-00-00 00:00:00'),(900,81,14,'0000-00-00 00:00:00','0000-00-00 00:00:00'),(899,81,8,'0000-00-00 00:00:00','0000-00-00 00:00:00'),(898,81,3,'0000-00-00 00:00:00','0000-00-00 00:00:00'),(912,82,15,'0000-00-00 00:00:00','0000-00-00 00:00:00'),(911,82,5,'0000-00-00 00:00:00','0000-00-00 00:00:00'),(910,82,1,'0000-00-00 00:00:00','0000-00-00 00:00:00'),(930,83,23,'0000-00-00 00:00:00','0000-00-00 00:00:00'),(929,83,24,'0000-00-00 00:00:00','0000-00-00 00:00:00'),(928,83,14,'0000-00-00 00:00:00','0000-00-00 00:00:00'),(927,83,5,'0000-00-00 00:00:00','0000-00-00 00:00:00'),(926,83,4,'0000-00-00 00:00:00','0000-00-00 00:00:00'),(925,83,3,'0000-00-00 00:00:00','0000-00-00 00:00:00'),(931,84,3,'0000-00-00 00:00:00','0000-00-00 00:00:00'),(932,84,4,'0000-00-00 00:00:00','0000-00-00 00:00:00'),(933,84,15,'0000-00-00 00:00:00','0000-00-00 00:00:00'),(934,84,23,'0000-00-00 00:00:00','0000-00-00 00:00:00'),(936,85,4,'0000-00-00 00:00:00','0000-00-00 00:00:00'),(937,86,3,'0000-00-00 00:00:00','0000-00-00 00:00:00'),(938,86,7,'0000-00-00 00:00:00','0000-00-00 00:00:00'),(939,86,8,'0000-00-00 00:00:00','0000-00-00 00:00:00'),(940,86,12,'0000-00-00 00:00:00','0000-00-00 00:00:00'),(941,86,14,'0000-00-00 00:00:00','0000-00-00 00:00:00'),(942,86,18,'0000-00-00 00:00:00','0000-00-00 00:00:00'),(943,87,3,'0000-00-00 00:00:00','0000-00-00 00:00:00'),(944,87,7,'0000-00-00 00:00:00','0000-00-00 00:00:00'),(945,87,8,'0000-00-00 00:00:00','0000-00-00 00:00:00'),(946,87,12,'0000-00-00 00:00:00','0000-00-00 00:00:00'),(947,87,14,'0000-00-00 00:00:00','0000-00-00 00:00:00'),(948,87,18,'0000-00-00 00:00:00','0000-00-00 00:00:00');
/*!40000 ALTER TABLE `restaurant_cuisines` ENABLE KEYS */;
UNLOCK TABLES;

--
-- Table structure for table `restaurant_features`
--

DROP TABLE IF EXISTS `restaurant_features`;
/*!40101 SET @saved_cs_client     = @@character_set_client */;
/*!40101 SET character_set_client = utf8 */;
CREATE TABLE `restaurant_features` (
  `id` int(11) NOT NULL AUTO_INCREMENT,
  `restaurant_id` int(11) NOT NULL,
  `feature_id` int(11) NOT NULL,
  `created_at` datetime NOT NULL,
  `updated_at` datetime NOT NULL,
  PRIMARY KEY (`id`)
) ENGINE=MyISAM AUTO_INCREMENT=497 DEFAULT CHARSET=latin1;
/*!40101 SET character_set_client = @saved_cs_client */;

--
-- Dumping data for table `restaurant_features`
--

LOCK TABLES `restaurant_features` WRITE;
/*!40000 ALTER TABLE `restaurant_features` DISABLE KEYS */;
INSERT INTO `restaurant_features` VALUES (29,1,4,'0000-00-00 00:00:00','0000-00-00 00:00:00'),(28,1,6,'0000-00-00 00:00:00','0000-00-00 00:00:00'),(27,1,5,'0000-00-00 00:00:00','0000-00-00 00:00:00'),(10,5,1,'0000-00-00 00:00:00','0000-00-00 00:00:00'),(482,6,4,'0000-00-00 00:00:00','0000-00-00 00:00:00'),(25,8,4,'0000-00-00 00:00:00','0000-00-00 00:00:00'),(24,8,6,'0000-00-00 00:00:00','0000-00-00 00:00:00'),(313,9,3,'0000-00-00 00:00:00','0000-00-00 00:00:00'),(312,9,4,'0000-00-00 00:00:00','0000-00-00 00:00:00'),(311,9,8,'0000-00-00 00:00:00','0000-00-00 00:00:00'),(39,10,7,'0000-00-00 00:00:00','0000-00-00 00:00:00'),(77,11,7,'0000-00-00 00:00:00','0000-00-00 00:00:00'),(76,11,1,'0000-00-00 00:00:00','0000-00-00 00:00:00'),(75,11,8,'0000-00-00 00:00:00','0000-00-00 00:00:00'),(74,11,5,'0000-00-00 00:00:00','0000-00-00 00:00:00'),(56,12,1,'0000-00-00 00:00:00','0000-00-00 00:00:00'),(57,12,2,'0000-00-00 00:00:00','0000-00-00 00:00:00'),(58,12,3,'0000-00-00 00:00:00','0000-00-00 00:00:00'),(402,13,3,'0000-00-00 00:00:00','0000-00-00 00:00:00'),(401,13,1,'0000-00-00 00:00:00','0000-00-00 00:00:00'),(400,13,4,'0000-00-00 00:00:00','0000-00-00 00:00:00'),(411,14,1,'0000-00-00 00:00:00','0000-00-00 00:00:00'),(135,15,7,'0000-00-00 00:00:00','0000-00-00 00:00:00'),(134,15,1,'0000-00-00 00:00:00','0000-00-00 00:00:00'),(133,15,8,'0000-00-00 00:00:00','0000-00-00 00:00:00'),(138,16,7,'0000-00-00 00:00:00','0000-00-00 00:00:00'),(137,16,9,'0000-00-00 00:00:00','0000-00-00 00:00:00'),(328,17,5,'0000-00-00 00:00:00','0000-00-00 00:00:00'),(344,18,5,'0000-00-00 00:00:00','0000-00-00 00:00:00'),(414,19,7,'0000-00-00 00:00:00','0000-00-00 00:00:00'),(413,19,1,'0000-00-00 00:00:00','0000-00-00 00:00:00'),(136,16,8,'0000-00-00 00:00:00','0000-00-00 00:00:00'),(412,19,4,'0000-00-00 00:00:00','0000-00-00 00:00:00'),(318,20,5,'0000-00-00 00:00:00','0000-00-00 00:00:00'),(315,21,5,'0000-00-00 00:00:00','0000-00-00 00:00:00'),(132,22,3,'0000-00-00 00:00:00','0000-00-00 00:00:00'),(131,0,0,'0000-00-00 00:00:00','0000-00-00 00:00:00'),(338,25,9,'0000-00-00 00:00:00','0000-00-00 00:00:00'),(148,26,4,'0000-00-00 00:00:00','0000-00-00 00:00:00'),(147,26,5,'0000-00-00 00:00:00','0000-00-00 00:00:00'),(388,32,4,'0000-00-00 00:00:00','0000-00-00 00:00:00'),(387,32,5,'0000-00-00 00:00:00','0000-00-00 00:00:00'),(357,33,9,'0000-00-00 00:00:00','0000-00-00 00:00:00'),(356,33,8,'0000-00-00 00:00:00','0000-00-00 00:00:00'),(158,0,0,'0000-00-00 00:00:00','0000-00-00 00:00:00'),(353,35,4,'0000-00-00 00:00:00','0000-00-00 00:00:00'),(352,35,5,'0000-00-00 00:00:00','0000-00-00 00:00:00'),(327,36,6,'0000-00-00 00:00:00','0000-00-00 00:00:00'),(326,36,5,'0000-00-00 00:00:00','0000-00-00 00:00:00'),(351,37,9,'0000-00-00 00:00:00','0000-00-00 00:00:00'),(343,38,5,'0000-00-00 00:00:00','0000-00-00 00:00:00'),(350,39,7,'0000-00-00 00:00:00','0000-00-00 00:00:00'),(349,39,5,'0000-00-00 00:00:00','0000-00-00 00:00:00'),(366,40,3,'0000-00-00 00:00:00','0000-00-00 00:00:00'),(365,40,10,'0000-00-00 00:00:00','0000-00-00 00:00:00'),(364,40,2,'0000-00-00 00:00:00','0000-00-00 00:00:00'),(363,40,6,'0000-00-00 00:00:00','0000-00-00 00:00:00'),(362,40,5,'0000-00-00 00:00:00','0000-00-00 00:00:00'),(325,41,3,'0000-00-00 00:00:00','0000-00-00 00:00:00'),(324,41,7,'0000-00-00 00:00:00','0000-00-00 00:00:00'),(323,41,2,'0000-00-00 00:00:00','0000-00-00 00:00:00'),(322,41,6,'0000-00-00 00:00:00','0000-00-00 00:00:00'),(321,41,5,'0000-00-00 00:00:00','0000-00-00 00:00:00'),(383,42,7,'0000-00-00 00:00:00','0000-00-00 00:00:00'),(355,43,4,'0000-00-00 00:00:00','0000-00-00 00:00:00'),(354,43,5,'0000-00-00 00:00:00','0000-00-00 00:00:00'),(410,44,3,'0000-00-00 00:00:00','0000-00-00 00:00:00'),(409,44,5,'0000-00-00 00:00:00','0000-00-00 00:00:00'),(369,45,1,'0000-00-00 00:00:00','0000-00-00 00:00:00'),(368,45,4,'0000-00-00 00:00:00','0000-00-00 00:00:00'),(367,45,5,'0000-00-00 00:00:00','0000-00-00 00:00:00'),(358,46,5,'0000-00-00 00:00:00','0000-00-00 00:00:00'),(342,47,3,'0000-00-00 00:00:00','0000-00-00 00:00:00'),(341,47,4,'0000-00-00 00:00:00','0000-00-00 00:00:00'),(340,47,2,'0000-00-00 00:00:00','0000-00-00 00:00:00'),(339,47,5,'0000-00-00 00:00:00','0000-00-00 00:00:00'),(291,48,3,'0000-00-00 00:00:00','0000-00-00 00:00:00'),(290,48,5,'0000-00-00 00:00:00','0000-00-00 00:00:00'),(395,49,5,'0000-00-00 00:00:00','0000-00-00 00:00:00'),(348,50,4,'0000-00-00 00:00:00','0000-00-00 00:00:00'),(347,50,5,'0000-00-00 00:00:00','0000-00-00 00:00:00'),(320,51,4,'0000-00-00 00:00:00','0000-00-00 00:00:00'),(319,51,5,'0000-00-00 00:00:00','0000-00-00 00:00:00'),(337,52,3,'0000-00-00 00:00:00','0000-00-00 00:00:00'),(336,52,5,'0000-00-00 00:00:00','0000-00-00 00:00:00'),(335,53,3,'0000-00-00 00:00:00','0000-00-00 00:00:00'),(334,53,4,'0000-00-00 00:00:00','0000-00-00 00:00:00'),(333,53,5,'0000-00-00 00:00:00','0000-00-00 00:00:00'),(385,54,4,'0000-00-00 00:00:00','0000-00-00 00:00:00'),(384,54,5,'0000-00-00 00:00:00','0000-00-00 00:00:00'),(332,55,7,'0000-00-00 00:00:00','0000-00-00 00:00:00'),(331,55,5,'0000-00-00 00:00:00','0000-00-00 00:00:00'),(317,56,4,'0000-00-00 00:00:00','0000-00-00 00:00:00'),(316,56,5,'0000-00-00 00:00:00','0000-00-00 00:00:00'),(394,57,4,'0000-00-00 00:00:00','0000-00-00 00:00:00'),(393,57,5,'0000-00-00 00:00:00','0000-00-00 00:00:00'),(374,58,7,'0000-00-00 00:00:00','0000-00-00 00:00:00'),(373,58,9,'0000-00-00 00:00:00','0000-00-00 00:00:00'),(372,58,8,'0000-00-00 00:00:00','0000-00-00 00:00:00'),(361,59,4,'0000-00-00 00:00:00','0000-00-00 00:00:00'),(407,60,9,'0000-00-00 00:00:00','0000-00-00 00:00:00'),(408,61,9,'0000-00-00 00:00:00','0000-00-00 00:00:00'),(360,62,3,'0000-00-00 00:00:00','0000-00-00 00:00:00'),(359,62,4,'0000-00-00 00:00:00','0000-00-00 00:00:00'),(329,64,9,'0000-00-00 00:00:00','0000-00-00 00:00:00'),(371,65,8,'0000-00-00 00:00:00','0000-00-00 00:00:00'),(370,65,5,'0000-00-00 00:00:00','0000-00-00 00:00:00'),(386,66,8,'0000-00-00 00:00:00','0000-00-00 00:00:00'),(289,67,3,'0000-00-00 00:00:00','0000-00-00 00:00:00'),(288,67,2,'0000-00-00 00:00:00','0000-00-00 00:00:00'),(287,67,5,'0000-00-00 00:00:00','0000-00-00 00:00:00'),(390,68,9,'0000-00-00 00:00:00','0000-00-00 00:00:00'),(389,68,8,'0000-00-00 00:00:00','0000-00-00 00:00:00'),(392,69,7,'0000-00-00 00:00:00','0000-00-00 00:00:00'),(391,69,8,'0000-00-00 00:00:00','0000-00-00 00:00:00'),(397,70,4,'0000-00-00 00:00:00','0000-00-00 00:00:00'),(396,70,8,'0000-00-00 00:00:00','0000-00-00 00:00:00'),(399,71,4,'0000-00-00 00:00:00','0000-00-00 00:00:00'),(398,71,5,'0000-00-00 00:00:00','0000-00-00 00:00:00'),(406,72,3,'0000-00-00 00:00:00','0000-00-00 00:00:00'),(405,72,8,'0000-00-00 00:00:00','0000-00-00 00:00:00'),(404,72,6,'0000-00-00 00:00:00','0000-00-00 00:00:00'),(403,72,5,'0000-00-00 00:00:00','0000-00-00 00:00:00'),(443,73,9,'0000-00-00 00:00:00','0000-00-00 00:00:00'),(417,74,5,'0000-00-00 00:00:00','0000-00-00 00:00:00'),(418,74,2,'0000-00-00 00:00:00','0000-00-00 00:00:00'),(419,74,1,'0000-00-00 00:00:00','0000-00-00 00:00:00'),(420,74,3,'0000-00-00 00:00:00','0000-00-00 00:00:00'),(447,75,3,'0000-00-00 00:00:00','0000-00-00 00:00:00'),(446,75,1,'0000-00-00 00:00:00','0000-00-00 00:00:00'),(445,75,2,'0000-00-00 00:00:00','0000-00-00 00:00:00'),(444,75,5,'0000-00-00 00:00:00','0000-00-00 00:00:00'),(450,76,3,'0000-00-00 00:00:00','0000-00-00 00:00:00'),(449,76,4,'0000-00-00 00:00:00','0000-00-00 00:00:00'),(448,76,5,'0000-00-00 00:00:00','0000-00-00 00:00:00'),(454,77,9,'0000-00-00 00:00:00','0000-00-00 00:00:00'),(453,78,3,'0000-00-00 00:00:00','0000-00-00 00:00:00'),(452,78,4,'0000-00-00 00:00:00','0000-00-00 00:00:00'),(451,78,5,'0000-00-00 00:00:00','0000-00-00 00:00:00'),(441,79,5,'0000-00-00 00:00:00','0000-00-00 00:00:00'),(442,79,9,'0000-00-00 00:00:00','0000-00-00 00:00:00'),(462,80,7,'0000-00-00 00:00:00','0000-00-00 00:00:00'),(461,80,9,'0000-00-00 00:00:00','0000-00-00 00:00:00'),(464,81,5,'0000-00-00 00:00:00','0000-00-00 00:00:00'),(480,82,3,'0000-00-00 00:00:00','0000-00-00 00:00:00'),(479,82,4,'0000-00-00 00:00:00','0000-00-00 00:00:00'),(478,82,6,'0000-00-00 00:00:00','0000-00-00 00:00:00'),(477,82,5,'0000-00-00 00:00:00','0000-00-00 00:00:00'),(488,83,3,'0000-00-00 00:00:00','0000-00-00 00:00:00'),(487,83,7,'0000-00-00 00:00:00','0000-00-00 00:00:00'),(486,83,2,'0000-00-00 00:00:00','0000-00-00 00:00:00'),(489,84,5,'0000-00-00 00:00:00','0000-00-00 00:00:00'),(490,84,9,'0000-00-00 00:00:00','0000-00-00 00:00:00'),(492,85,9,'0000-00-00 00:00:00','0000-00-00 00:00:00'),(493,86,2,'0000-00-00 00:00:00','0000-00-00 00:00:00'),(494,86,9,'0000-00-00 00:00:00','0000-00-00 00:00:00'),(495,87,2,'0000-00-00 00:00:00','0000-00-00 00:00:00'),(496,87,9,'0000-00-00 00:00:00','0000-00-00 00:00:00');
/*!40000 ALTER TABLE `restaurant_features` ENABLE KEYS */;
UNLOCK TABLES;

--
-- Table structure for table `restaurant_payments`
--

DROP TABLE IF EXISTS `restaurant_payments`;
/*!40101 SET @saved_cs_client     = @@character_set_client */;
/*!40101 SET character_set_client = utf8 */;
CREATE TABLE `restaurant_payments` (
  `id` int(11) NOT NULL AUTO_INCREMENT,
  `restaurant_id` int(11) NOT NULL,
  `payment_id` int(11) NOT NULL,
  `created_at` datetime NOT NULL,
  `updated_at` datetime NOT NULL,
  PRIMARY KEY (`id`)
) ENGINE=MyISAM AUTO_INCREMENT=472 DEFAULT CHARSET=latin1;
/*!40101 SET character_set_client = @saved_cs_client */;

--
-- Dumping data for table `restaurant_payments`
--

LOCK TABLES `restaurant_payments` WRITE;
/*!40000 ALTER TABLE `restaurant_payments` DISABLE KEYS */;
INSERT INTO `restaurant_payments` VALUES (36,1,5,'0000-00-00 00:00:00','0000-00-00 00:00:00'),(35,1,1,'0000-00-00 00:00:00','0000-00-00 00:00:00'),(34,1,3,'0000-00-00 00:00:00','0000-00-00 00:00:00'),(28,2,3,'0000-00-00 00:00:00','0000-00-00 00:00:00'),(27,2,2,'0000-00-00 00:00:00','0000-00-00 00:00:00'),(26,2,1,'0000-00-00 00:00:00','0000-00-00 00:00:00'),(13,4,2,'0000-00-00 00:00:00','0000-00-00 00:00:00'),(14,5,2,'0000-00-00 00:00:00','0000-00-00 00:00:00'),(459,6,2,'0000-00-00 00:00:00','0000-00-00 00:00:00'),(32,8,1,'0000-00-00 00:00:00','0000-00-00 00:00:00'),(31,8,2,'0000-00-00 00:00:00','0000-00-00 00:00:00'),(299,9,1,'0000-00-00 00:00:00','0000-00-00 00:00:00'),(298,9,2,'0000-00-00 00:00:00','0000-00-00 00:00:00'),(43,10,2,'0000-00-00 00:00:00','0000-00-00 00:00:00'),(44,10,4,'0000-00-00 00:00:00','0000-00-00 00:00:00'),(62,11,1,'0000-00-00 00:00:00','0000-00-00 00:00:00'),(61,11,2,'0000-00-00 00:00:00','0000-00-00 00:00:00'),(53,12,2,'0000-00-00 00:00:00','0000-00-00 00:00:00'),(388,13,2,'0000-00-00 00:00:00','0000-00-00 00:00:00'),(401,14,2,'0000-00-00 00:00:00','0000-00-00 00:00:00'),(113,15,6,'0000-00-00 00:00:00','0000-00-00 00:00:00'),(115,16,1,'0000-00-00 00:00:00','0000-00-00 00:00:00'),(114,16,2,'0000-00-00 00:00:00','0000-00-00 00:00:00'),(316,17,1,'0000-00-00 00:00:00','0000-00-00 00:00:00'),(315,17,2,'0000-00-00 00:00:00','0000-00-00 00:00:00'),(336,18,1,'0000-00-00 00:00:00','0000-00-00 00:00:00'),(335,18,2,'0000-00-00 00:00:00','0000-00-00 00:00:00'),(402,19,2,'0000-00-00 00:00:00','0000-00-00 00:00:00'),(112,15,2,'0000-00-00 00:00:00','0000-00-00 00:00:00'),(308,20,2,'0000-00-00 00:00:00','0000-00-00 00:00:00'),(305,21,2,'0000-00-00 00:00:00','0000-00-00 00:00:00'),(111,22,2,'0000-00-00 00:00:00','0000-00-00 00:00:00'),(110,0,0,'0000-00-00 00:00:00','0000-00-00 00:00:00'),(304,24,2,'0000-00-00 00:00:00','0000-00-00 00:00:00'),(329,25,2,'0000-00-00 00:00:00','0000-00-00 00:00:00'),(127,26,1,'0000-00-00 00:00:00','0000-00-00 00:00:00'),(126,26,2,'0000-00-00 00:00:00','0000-00-00 00:00:00'),(375,32,1,'0000-00-00 00:00:00','0000-00-00 00:00:00'),(374,32,2,'0000-00-00 00:00:00','0000-00-00 00:00:00'),(350,33,1,'0000-00-00 00:00:00','0000-00-00 00:00:00'),(349,33,2,'0000-00-00 00:00:00','0000-00-00 00:00:00'),(137,0,0,'0000-00-00 00:00:00','0000-00-00 00:00:00'),(346,35,1,'0000-00-00 00:00:00','0000-00-00 00:00:00'),(345,35,2,'0000-00-00 00:00:00','0000-00-00 00:00:00'),(314,36,1,'0000-00-00 00:00:00','0000-00-00 00:00:00'),(313,36,2,'0000-00-00 00:00:00','0000-00-00 00:00:00'),(344,37,1,'0000-00-00 00:00:00','0000-00-00 00:00:00'),(343,37,2,'0000-00-00 00:00:00','0000-00-00 00:00:00'),(334,38,1,'0000-00-00 00:00:00','0000-00-00 00:00:00'),(333,38,2,'0000-00-00 00:00:00','0000-00-00 00:00:00'),(342,39,1,'0000-00-00 00:00:00','0000-00-00 00:00:00'),(341,39,2,'0000-00-00 00:00:00','0000-00-00 00:00:00'),(358,40,1,'0000-00-00 00:00:00','0000-00-00 00:00:00'),(357,40,2,'0000-00-00 00:00:00','0000-00-00 00:00:00'),(312,41,1,'0000-00-00 00:00:00','0000-00-00 00:00:00'),(311,41,2,'0000-00-00 00:00:00','0000-00-00 00:00:00'),(370,42,1,'0000-00-00 00:00:00','0000-00-00 00:00:00'),(369,42,2,'0000-00-00 00:00:00','0000-00-00 00:00:00'),(348,43,1,'0000-00-00 00:00:00','0000-00-00 00:00:00'),(347,43,2,'0000-00-00 00:00:00','0000-00-00 00:00:00'),(400,44,1,'0000-00-00 00:00:00','0000-00-00 00:00:00'),(399,44,2,'0000-00-00 00:00:00','0000-00-00 00:00:00'),(360,45,1,'0000-00-00 00:00:00','0000-00-00 00:00:00'),(359,45,2,'0000-00-00 00:00:00','0000-00-00 00:00:00'),(352,46,1,'0000-00-00 00:00:00','0000-00-00 00:00:00'),(351,46,2,'0000-00-00 00:00:00','0000-00-00 00:00:00'),(332,47,1,'0000-00-00 00:00:00','0000-00-00 00:00:00'),(331,47,2,'0000-00-00 00:00:00','0000-00-00 00:00:00'),(277,48,1,'0000-00-00 00:00:00','0000-00-00 00:00:00'),(276,48,2,'0000-00-00 00:00:00','0000-00-00 00:00:00'),(383,49,1,'0000-00-00 00:00:00','0000-00-00 00:00:00'),(382,49,2,'0000-00-00 00:00:00','0000-00-00 00:00:00'),(340,50,1,'0000-00-00 00:00:00','0000-00-00 00:00:00'),(339,50,2,'0000-00-00 00:00:00','0000-00-00 00:00:00'),(310,51,1,'0000-00-00 00:00:00','0000-00-00 00:00:00'),(309,51,2,'0000-00-00 00:00:00','0000-00-00 00:00:00'),(328,52,1,'0000-00-00 00:00:00','0000-00-00 00:00:00'),(327,52,2,'0000-00-00 00:00:00','0000-00-00 00:00:00'),(326,53,1,'0000-00-00 00:00:00','0000-00-00 00:00:00'),(325,53,2,'0000-00-00 00:00:00','0000-00-00 00:00:00'),(372,54,1,'0000-00-00 00:00:00','0000-00-00 00:00:00'),(371,54,2,'0000-00-00 00:00:00','0000-00-00 00:00:00'),(324,55,1,'0000-00-00 00:00:00','0000-00-00 00:00:00'),(323,55,2,'0000-00-00 00:00:00','0000-00-00 00:00:00'),(307,56,1,'0000-00-00 00:00:00','0000-00-00 00:00:00'),(306,56,2,'0000-00-00 00:00:00','0000-00-00 00:00:00'),(381,57,1,'0000-00-00 00:00:00','0000-00-00 00:00:00'),(380,57,2,'0000-00-00 00:00:00','0000-00-00 00:00:00'),(364,58,1,'0000-00-00 00:00:00','0000-00-00 00:00:00'),(363,58,2,'0000-00-00 00:00:00','0000-00-00 00:00:00'),(356,59,1,'0000-00-00 00:00:00','0000-00-00 00:00:00'),(355,59,2,'0000-00-00 00:00:00','0000-00-00 00:00:00'),(394,60,4,'0000-00-00 00:00:00','0000-00-00 00:00:00'),(393,60,1,'0000-00-00 00:00:00','0000-00-00 00:00:00'),(392,60,2,'0000-00-00 00:00:00','0000-00-00 00:00:00'),(391,60,3,'0000-00-00 00:00:00','0000-00-00 00:00:00'),(398,61,4,'0000-00-00 00:00:00','0000-00-00 00:00:00'),(397,61,1,'0000-00-00 00:00:00','0000-00-00 00:00:00'),(396,61,2,'0000-00-00 00:00:00','0000-00-00 00:00:00'),(395,61,3,'0000-00-00 00:00:00','0000-00-00 00:00:00'),(354,62,1,'0000-00-00 00:00:00','0000-00-00 00:00:00'),(353,62,2,'0000-00-00 00:00:00','0000-00-00 00:00:00'),(330,63,2,'0000-00-00 00:00:00','0000-00-00 00:00:00'),(318,64,1,'0000-00-00 00:00:00','0000-00-00 00:00:00'),(317,64,2,'0000-00-00 00:00:00','0000-00-00 00:00:00'),(362,65,1,'0000-00-00 00:00:00','0000-00-00 00:00:00'),(361,65,2,'0000-00-00 00:00:00','0000-00-00 00:00:00'),(373,66,2,'0000-00-00 00:00:00','0000-00-00 00:00:00'),(275,67,1,'0000-00-00 00:00:00','0000-00-00 00:00:00'),(274,67,2,'0000-00-00 00:00:00','0000-00-00 00:00:00'),(377,68,1,'0000-00-00 00:00:00','0000-00-00 00:00:00'),(376,68,2,'0000-00-00 00:00:00','0000-00-00 00:00:00'),(379,69,1,'0000-00-00 00:00:00','0000-00-00 00:00:00'),(378,69,2,'0000-00-00 00:00:00','0000-00-00 00:00:00'),(385,70,1,'0000-00-00 00:00:00','0000-00-00 00:00:00'),(384,70,2,'0000-00-00 00:00:00','0000-00-00 00:00:00'),(387,71,1,'0000-00-00 00:00:00','0000-00-00 00:00:00'),(386,71,2,'0000-00-00 00:00:00','0000-00-00 00:00:00'),(390,72,1,'0000-00-00 00:00:00','0000-00-00 00:00:00'),(389,72,2,'0000-00-00 00:00:00','0000-00-00 00:00:00'),(427,73,1,'0000-00-00 00:00:00','0000-00-00 00:00:00'),(426,73,2,'0000-00-00 00:00:00','0000-00-00 00:00:00'),(407,74,2,'0000-00-00 00:00:00','0000-00-00 00:00:00'),(408,74,1,'0000-00-00 00:00:00','0000-00-00 00:00:00'),(429,75,1,'0000-00-00 00:00:00','0000-00-00 00:00:00'),(428,75,2,'0000-00-00 00:00:00','0000-00-00 00:00:00'),(431,76,1,'0000-00-00 00:00:00','0000-00-00 00:00:00'),(430,76,2,'0000-00-00 00:00:00','0000-00-00 00:00:00'),(435,77,2,'0000-00-00 00:00:00','0000-00-00 00:00:00'),(434,78,5,'0000-00-00 00:00:00','0000-00-00 00:00:00'),(433,78,1,'0000-00-00 00:00:00','0000-00-00 00:00:00'),(432,78,2,'0000-00-00 00:00:00','0000-00-00 00:00:00'),(425,79,2,'0000-00-00 00:00:00','0000-00-00 00:00:00'),(445,80,1,'0000-00-00 00:00:00','0000-00-00 00:00:00'),(444,80,2,'0000-00-00 00:00:00','0000-00-00 00:00:00'),(449,81,1,'0000-00-00 00:00:00','0000-00-00 00:00:00'),(448,81,2,'0000-00-00 00:00:00','0000-00-00 00:00:00'),(457,82,1,'0000-00-00 00:00:00','0000-00-00 00:00:00'),(456,82,2,'0000-00-00 00:00:00','0000-00-00 00:00:00'),(461,83,2,'0000-00-00 00:00:00','0000-00-00 00:00:00'),(462,84,2,'0000-00-00 00:00:00','0000-00-00 00:00:00'),(463,84,1,'0000-00-00 00:00:00','0000-00-00 00:00:00'),(469,85,6,'0000-00-00 00:00:00','0000-00-00 00:00:00'),(468,85,1,'0000-00-00 00:00:00','0000-00-00 00:00:00'),(467,85,2,'0000-00-00 00:00:00','0000-00-00 00:00:00'),(470,86,2,'0000-00-00 00:00:00','0000-00-00 00:00:00'),(471,87,2,'0000-00-00 00:00:00','0000-00-00 00:00:00');
/*!40000 ALTER TABLE `restaurant_payments` ENABLE KEYS */;
UNLOCK TABLES;

--
-- Table structure for table `restaurant_specialities`
--

DROP TABLE IF EXISTS `restaurant_specialities`;
/*!40101 SET @saved_cs_client     = @@character_set_client */;
/*!40101 SET character_set_client = utf8 */;
CREATE TABLE `restaurant_specialities` (
  `id` int(11) NOT NULL AUTO_INCREMENT,
  `restaurant_id` int(11) NOT NULL,
  `speciality` varchar(255) NOT NULL,
  `created_at` datetime NOT NULL,
  `updated_at` datetime NOT NULL,
  PRIMARY KEY (`id`)
) ENGINE=MyISAM DEFAULT CHARSET=latin1;
/*!40101 SET character_set_client = @saved_cs_client */;

--
-- Dumping data for table `restaurant_specialities`
--

LOCK TABLES `restaurant_specialities` WRITE;
/*!40000 ALTER TABLE `restaurant_specialities` DISABLE KEYS */;
/*!40000 ALTER TABLE `restaurant_specialities` ENABLE KEYS */;
UNLOCK TABLES;

--
-- Table structure for table `restaurant_update_logs`
--

DROP TABLE IF EXISTS `restaurant_update_logs`;
/*!40101 SET @saved_cs_client     = @@character_set_client */;
/*!40101 SET character_set_client = utf8 */;
CREATE TABLE `restaurant_update_logs` (
  `id` int(11) NOT NULL AUTO_INCREMENT,
  `update_id` int(11) NOT NULL,
  `user_id` int(11) NOT NULL,
  `log` text NOT NULL,
  `update_status` tinyint(1) NOT NULL,
  `created_at` datetime NOT NULL,
  `updated_at` datetime NOT NULL,
  PRIMARY KEY (`id`)
) ENGINE=MyISAM DEFAULT CHARSET=latin1;
/*!40101 SET character_set_client = @saved_cs_client */;

--
-- Dumping data for table `restaurant_update_logs`
--

LOCK TABLES `restaurant_update_logs` WRITE;
/*!40000 ALTER TABLE `restaurant_update_logs` DISABLE KEYS */;
/*!40000 ALTER TABLE `restaurant_update_logs` ENABLE KEYS */;
UNLOCK TABLES;

--
-- Table structure for table `restaurant_updates`
--

DROP TABLE IF EXISTS `restaurant_updates`;
/*!40101 SET @saved_cs_client     = @@character_set_client */;
/*!40101 SET character_set_client = utf8 */;
CREATE TABLE `restaurant_updates` (
  `id` int(11) NOT NULL AUTO_INCREMENT,
  `restaurant_id` int(11) NOT NULL,
  `updates` text NOT NULL,
  `activation_type` tinyint(1) NOT NULL COMMENT '0-dates,1-days',
  `start_date` date NOT NULL,
  `end_date` date NOT NULL,
  `all_time` tinyint(1) NOT NULL,
  `start_time` time NOT NULL,
  `end_time` time NOT NULL,
  `is_primary` tinyint(1) NOT NULL COMMENT '0-no,1-yes',
  `reason` text NOT NULL,
  `status` tinyint(1) NOT NULL COMMENT '0-inactive,1-active',
  `created_at` datetime NOT NULL,
  `updated_at` datetime NOT NULL,
  PRIMARY KEY (`id`)
) ENGINE=MyISAM AUTO_INCREMENT=55 DEFAULT CHARSET=latin1;
/*!40101 SET character_set_client = @saved_cs_client */;

--
-- Dumping data for table `restaurant_updates`
--

LOCK TABLES `restaurant_updates` WRITE;
/*!40000 ALTER TABLE `restaurant_updates` DISABLE KEYS */;
INSERT INTO `restaurant_updates` VALUES (12,9,'Buy one Biryani and get other free',1,'2016-01-03','2016-01-23',1,'00:00:00','00:00:00',1,'',1,'2016-01-03 09:28:28','2016-01-03 09:29:15'),(14,13,'Murthal patanthe available',0,'0000-00-00','0000-00-00',1,'00:00:00','00:00:00',0,'',0,'2016-01-03 14:21:59','2016-01-03 14:21:59'),(15,9,'ghhhjhdvbdkvxkfjfkgjghjfihhhfgytxjhggghgcufyffyfhghhgcygftfvhhchhbghggcgbvbhnjbjnbbbbvbbhvbvbn bnnhhbnhhhnhnnbbbyvgggfgcvghjjjy',0,'0000-00-00','0000-00-00',1,'00:00:00','00:00:00',0,'',0,'2016-01-04 11:16:53','2016-01-04 11:16:53'),(16,9,'ghhhjhdvbdkvxkfjfkgjghjfihhhfgytxjhggghgcufyffyfhghhgcygftfvhhchhbghggcgbvbhnjbjnbbbbvbbhvbvbn bnnhhbnhhhnhnnbbbyvgggfgcvghjjjy',0,'0000-00-00','0000-00-00',1,'00:00:00','00:00:00',0,'',0,'2016-01-04 11:17:09','2016-01-04 11:17:09'),(17,9,'ghhhjhdvbdkvxkfjfkgjghjfihhhfgytxjhggghgcufyffyfhghhgcygftfvhhchhbghggcgbvbhnjbjnbbbbvbbhvbvbn bnnhhbnhhhnhnnbbbyvgggfgcvghjjjy',0,'0000-00-00','0000-00-00',1,'00:00:00','00:00:00',0,'',0,'2016-01-04 11:17:13','2016-01-04 11:17:13'),(18,15,'sarsso ka saag te 2makki ki roti with Butter @ 70/-',0,'2016-01-05','2016-01-08',1,'11:00:00','10:00:00',1,'',1,'2016-01-05 10:17:11','2016-02-09 15:04:37'),(19,19,'cholley Bhature @50per plate',0,'2016-01-05','2016-02-05',0,'09:30:00','17:30:00',0,'',1,'2016-01-05 13:12:17','2016-01-05 18:43:04'),(21,15,'South Indian Rice Meals -- 4 variety of Rices(Tomato+Lemon+Imli (Tamarind)+Plan Rice)+Veg Dry+Veg Raita + Tomato Rasam + Sambar + Fried Papad +Sweet all @100/-',0,'2016-01-06','2016-01-08',0,'11:30:00','22:00:00',1,'',1,'2016-01-06 01:53:52','2016-01-10 23:04:46'),(45,17,'Combo Offers\nFree 500 ml Coke with 2 small Pizzas\n\nFree Garlic Bread with 2 medium Pizzas\n\nFree Chicken Wings with\n 2 Party Pizzas\n\nFree Veg Pasta with 2 Large Pizzas',0,'2016-02-09','2016-03-09',1,'00:00:00','00:00:00',1,'',1,'2016-02-09 10:08:42','2016-02-09 10:08:59'),(47,44,'pfudyigfi',0,'0000-00-00','0000-00-00',1,'00:00:00','00:00:00',0,'',0,'2016-02-09 10:44:26','2016-02-09 10:44:26'),(49,46,'Wow Wednesday\nBuy  1 get 1 on all Savory items Iike Puffs, Croissant,  Rolls & Wraps',1,'2016-02-09','2016-03-31',1,'00:00:00','00:00:00',1,'',1,'2016-02-09 13:19:45','2016-02-09 13:20:31'),(48,20,'Today Special\nPoha ;Bread omellet ; Chilly garlic potato bites',1,'2016-02-09','2016-02-13',1,'00:00:00','00:00:00',1,'',1,'2016-02-09 11:02:19','2016-02-09 11:03:02'),(50,46,'Happy Hours\nGet 40% off on available Pastries, Puffs,  Croissant,  Rolls,  Wraps.',0,'2016-02-09','2016-03-31',0,'20:00:00','21:00:00',0,'',1,'2016-02-09 13:28:25','2016-02-09 18:59:05'),(43,6,'Get 15% off on direct orders',1,'2016-02-09','2016-03-09',1,'00:00:00','00:00:00',1,'',1,'2016-02-09 09:00:50','2016-02-09 09:01:24'),(26,9,'special moradabadi biryani',1,'2016-01-08','2016-02-08',0,'15:00:00','18:00:00',1,'',1,'2016-01-08 11:03:08','2016-02-03 13:35:34'),(27,9,'mutton chap special today',1,'2016-01-08','2016-02-08',1,'00:00:00','00:00:00',0,'',1,'2016-01-08 11:07:13','2016-01-08 16:38:07'),(28,9,'special dish',1,'2016-01-09','2016-01-13',1,'00:00:00','00:00:00',1,'',1,'2016-01-09 08:32:01','2016-01-09 08:32:42'),(29,9,'10% off',1,'2016-01-10','2016-02-10',0,'15:00:00','18:00:00',1,'',1,'2016-01-10 06:46:27','2016-01-10 06:47:43'),(31,9,'Ffghhhhh',1,'2016-01-18','2016-01-18',0,'09:30:00','22:30:00',1,'',1,'2016-01-18 04:10:13','2016-01-18 04:10:30'),(46,18,'Combo Offers\nFree 500 ml Coke with 2 small Pizzas\n\nFree Garlic Bread with 2 medium Pizzas\n\nFree Chicken Wings with\n 2 Party Pizzas\n\nFree Veg Pasta with 2 Large Pizzas',0,'2016-02-09','2016-03-09',1,'00:00:00','00:00:00',1,'',1,'2016-02-09 10:12:32','2016-02-09 10:12:48'),(32,44,'Todays Special\n\n1.) Coriander filled Soup\n\n2.) Butter Chicken with Kabuli Parantha\n\n3.) Enjoy the Tortillas with home made cheese.\n\n4.) Penne Pasta dipped in white sauce. Enjoy to the fullest.',0,'2016-02-05','2016-02-05',1,'00:00:00','00:00:00',1,'',1,'2016-02-03 07:26:02','2016-02-05 06:48:41'),(33,75,'Combo1:\n8 Idli + 8 Vada @ Rs. 369 only.',0,'2016-02-08','2016-04-08',1,'00:00:00','00:00:00',0,'',1,'2016-02-06 06:59:13','2016-02-08 16:26:15'),(34,75,'Combo2:\n4 Idli + 4 Vada with 2 Masala Dosa @ Rs. 349 only.',0,'2016-02-08','2016-04-08',1,'00:00:00','00:00:00',0,'',1,'2016-02-06 07:01:48','2016-02-08 16:30:03'),(35,75,'Combo 3:\n2 Idli + 2 Vada + 1 Upma @ Rs. 189 only',0,'2016-02-08','2016-04-08',1,'00:00:00','00:00:00',0,'',1,'2016-02-06 07:02:52','2016-02-08 16:31:02'),(36,75,'Morning Platter\nIdli, Vada, Mix Uthapam, Rava Kesari @ Rs.150 only',0,'2016-02-08','2016-04-08',0,'08:30:00','12:00:00',0,'',1,'2016-02-06 07:04:34','2016-02-08 16:31:40'),(37,75,'Morning Platter\nIdli, Upma, Dahi Vada, Masala Dosa @ Rs. 150 only.',0,'2016-02-08','2016-04-08',0,'08:30:00','12:00:00',0,'',1,'2016-02-06 07:07:00','2016-02-09 13:23:30'),(38,6,'corporate thali menu \nmix veg ,dal tadka,bundi raita,jeera rice,4 tawa roti',0,'0000-00-00','0000-00-00',0,'14:21:00','23:59:00',0,'--No Reason--',0,'2016-02-08 08:53:00','2016-02-09 14:36:56'),(40,44,'Special offer for today',0,'0000-00-00','0000-00-00',1,'00:00:00','00:00:00',0,'',0,'2016-02-08 09:44:21','2016-02-08 16:25:05'),(41,44,'toii',0,'0000-00-00','0000-00-00',1,'00:00:00','00:00:00',0,'',0,'2016-02-08 09:55:01','2016-02-08 16:30:15'),(51,46,'Avail 10% off on minimum order of 500.\n\nAvail 15% off on minimum order of 1000\n\nAvail 20% off on minimum order of 2000',0,'2016-02-09','2016-03-31',1,'00:00:00','00:00:00',1,'',1,'2016-02-09 13:35:04','2016-02-09 13:36:28'),(52,62,'Tuesday Special - Flat 20% Off on delivery orders above Rs 500/-',1,'2016-02-09','2016-02-09',1,'00:00:00','00:00:00',0,'--No Reason--',1,'2016-02-09 14:34:45','2016-02-09 15:00:36'),(53,58,'10% off',0,'2016-02-09','2016-03-09',1,'00:00:00','00:00:00',1,'',1,'2016-02-09 14:51:21','2016-02-09 14:52:53'),(54,63,'20% discount on rs 350 order',0,'2016-02-09','2016-03-09',1,'00:00:00','00:00:00',1,'',1,'2016-02-09 15:07:57','2016-02-09 15:08:29');
/*!40000 ALTER TABLE `restaurant_updates` ENABLE KEYS */;
UNLOCK TABLES;

--
-- Table structure for table `restaurant_updates_days`
--

DROP TABLE IF EXISTS `restaurant_updates_days`;
/*!40101 SET @saved_cs_client     = @@character_set_client */;
/*!40101 SET character_set_client = utf8 */;
CREATE TABLE `restaurant_updates_days` (
  `id` int(11) NOT NULL AUTO_INCREMENT,
  `update_id` int(11) NOT NULL,
  `days` int(11) NOT NULL,
  `created_at` datetime NOT NULL,
  `updated_at` datetime NOT NULL,
  PRIMARY KEY (`id`)
) ENGINE=MyISAM AUTO_INCREMENT=287 DEFAULT CHARSET=latin1;
/*!40101 SET character_set_client = @saved_cs_client */;

--
-- Dumping data for table `restaurant_updates_days`
--

LOCK TABLES `restaurant_updates_days` WRITE;
/*!40000 ALTER TABLE `restaurant_updates_days` DISABLE KEYS */;
INSERT INTO `restaurant_updates_days` VALUES (9,5,2,'0000-00-00 00:00:00','0000-00-00 00:00:00'),(10,8,4,'0000-00-00 00:00:00','0000-00-00 00:00:00'),(11,9,4,'0000-00-00 00:00:00','0000-00-00 00:00:00'),(12,10,6,'0000-00-00 00:00:00','0000-00-00 00:00:00'),(13,12,4,'0000-00-00 00:00:00','0000-00-00 00:00:00'),(14,12,1,'0000-00-00 00:00:00','0000-00-00 00:00:00'),(18,13,2,'0000-00-00 00:00:00','0000-00-00 00:00:00'),(17,13,3,'0000-00-00 00:00:00','0000-00-00 00:00:00'),(233,18,3,'0000-00-00 00:00:00','0000-00-00 00:00:00'),(232,18,5,'0000-00-00 00:00:00','0000-00-00 00:00:00'),(21,19,4,'0000-00-00 00:00:00','0000-00-00 00:00:00'),(22,19,1,'0000-00-00 00:00:00','0000-00-00 00:00:00'),(23,19,7,'0000-00-00 00:00:00','0000-00-00 00:00:00'),(24,19,6,'0000-00-00 00:00:00','0000-00-00 00:00:00'),(25,19,5,'0000-00-00 00:00:00','0000-00-00 00:00:00'),(26,19,3,'0000-00-00 00:00:00','0000-00-00 00:00:00'),(27,19,2,'0000-00-00 00:00:00','0000-00-00 00:00:00'),(51,21,6,'0000-00-00 00:00:00','0000-00-00 00:00:00'),(50,21,4,'0000-00-00 00:00:00','0000-00-00 00:00:00'),(252,48,2,'0000-00-00 00:00:00','0000-00-00 00:00:00'),(251,48,3,'0000-00-00 00:00:00','0000-00-00 00:00:00'),(250,48,5,'0000-00-00 00:00:00','0000-00-00 00:00:00'),(249,48,6,'0000-00-00 00:00:00','0000-00-00 00:00:00'),(248,48,4,'0000-00-00 00:00:00','0000-00-00 00:00:00'),(35,25,6,'0000-00-00 00:00:00','0000-00-00 00:00:00'),(57,26,0,'0000-00-00 00:00:00','0000-00-00 00:00:00'),(56,26,0,'0000-00-00 00:00:00','0000-00-00 00:00:00'),(38,27,6,'0000-00-00 00:00:00','0000-00-00 00:00:00'),(41,28,5,'0000-00-00 00:00:00','0000-00-00 00:00:00'),(42,28,3,'0000-00-00 00:00:00','0000-00-00 00:00:00'),(43,28,2,'0000-00-00 00:00:00','0000-00-00 00:00:00'),(44,29,4,'0000-00-00 00:00:00','0000-00-00 00:00:00'),(45,29,1,'0000-00-00 00:00:00','0000-00-00 00:00:00'),(52,30,3,'0000-00-00 00:00:00','0000-00-00 00:00:00'),(53,31,2,'0000-00-00 00:00:00','0000-00-00 00:00:00'),(54,24,3,'0000-00-00 00:00:00','0000-00-00 00:00:00'),(60,32,6,'0000-00-00 00:00:00','0000-00-00 00:00:00'),(74,0,0,'0000-00-00 00:00:00','0000-00-00 00:00:00'),(75,0,0,'0000-00-00 00:00:00','0000-00-00 00:00:00'),(73,0,0,'0000-00-00 00:00:00','0000-00-00 00:00:00'),(70,0,0,'0000-00-00 00:00:00','0000-00-00 00:00:00'),(80,0,0,'0000-00-00 00:00:00','0000-00-00 00:00:00'),(71,0,0,'0000-00-00 00:00:00','0000-00-00 00:00:00'),(76,0,0,'0000-00-00 00:00:00','0000-00-00 00:00:00'),(77,0,0,'0000-00-00 00:00:00','0000-00-00 00:00:00'),(78,0,0,'0000-00-00 00:00:00','0000-00-00 00:00:00'),(79,0,0,'0000-00-00 00:00:00','0000-00-00 00:00:00'),(81,0,0,'0000-00-00 00:00:00','0000-00-00 00:00:00'),(82,0,0,'0000-00-00 00:00:00','0000-00-00 00:00:00'),(83,0,0,'0000-00-00 00:00:00','0000-00-00 00:00:00'),(234,45,4,'0000-00-00 00:00:00','0000-00-00 00:00:00'),(85,39,4,'0000-00-00 00:00:00','0000-00-00 00:00:00'),(86,0,0,'0000-00-00 00:00:00','0000-00-00 00:00:00'),(87,0,0,'0000-00-00 00:00:00','0000-00-00 00:00:00'),(189,41,2,'0000-00-00 00:00:00','0000-00-00 00:00:00'),(188,41,3,'0000-00-00 00:00:00','0000-00-00 00:00:00'),(187,41,5,'0000-00-00 00:00:00','0000-00-00 00:00:00'),(186,41,4,'0000-00-00 00:00:00','0000-00-00 00:00:00'),(163,40,2,'0000-00-00 00:00:00','0000-00-00 00:00:00'),(185,41,1,'0000-00-00 00:00:00','0000-00-00 00:00:00'),(184,41,7,'0000-00-00 00:00:00','0000-00-00 00:00:00'),(183,41,6,'0000-00-00 00:00:00','0000-00-00 00:00:00'),(162,40,3,'0000-00-00 00:00:00','0000-00-00 00:00:00'),(161,40,4,'0000-00-00 00:00:00','0000-00-00 00:00:00'),(160,40,5,'0000-00-00 00:00:00','0000-00-00 00:00:00'),(159,40,6,'0000-00-00 00:00:00','0000-00-00 00:00:00'),(158,40,7,'0000-00-00 00:00:00','0000-00-00 00:00:00'),(157,40,1,'0000-00-00 00:00:00','0000-00-00 00:00:00'),(164,0,0,'0000-00-00 00:00:00','0000-00-00 00:00:00'),(165,0,0,'0000-00-00 00:00:00','0000-00-00 00:00:00'),(166,0,0,'0000-00-00 00:00:00','0000-00-00 00:00:00'),(167,0,0,'0000-00-00 00:00:00','0000-00-00 00:00:00'),(168,0,0,'0000-00-00 00:00:00','0000-00-00 00:00:00'),(169,33,2,'0000-00-00 00:00:00','0000-00-00 00:00:00'),(170,33,3,'0000-00-00 00:00:00','0000-00-00 00:00:00'),(171,33,4,'0000-00-00 00:00:00','0000-00-00 00:00:00'),(172,33,5,'0000-00-00 00:00:00','0000-00-00 00:00:00'),(173,33,6,'0000-00-00 00:00:00','0000-00-00 00:00:00'),(174,33,7,'0000-00-00 00:00:00','0000-00-00 00:00:00'),(175,33,1,'0000-00-00 00:00:00','0000-00-00 00:00:00'),(176,34,2,'0000-00-00 00:00:00','0000-00-00 00:00:00'),(177,34,3,'0000-00-00 00:00:00','0000-00-00 00:00:00'),(178,34,4,'0000-00-00 00:00:00','0000-00-00 00:00:00'),(179,34,5,'0000-00-00 00:00:00','0000-00-00 00:00:00'),(180,34,6,'0000-00-00 00:00:00','0000-00-00 00:00:00'),(181,34,7,'0000-00-00 00:00:00','0000-00-00 00:00:00'),(182,34,1,'0000-00-00 00:00:00','0000-00-00 00:00:00'),(190,35,2,'0000-00-00 00:00:00','0000-00-00 00:00:00'),(191,35,3,'0000-00-00 00:00:00','0000-00-00 00:00:00'),(192,35,4,'0000-00-00 00:00:00','0000-00-00 00:00:00'),(193,35,5,'0000-00-00 00:00:00','0000-00-00 00:00:00'),(194,35,6,'0000-00-00 00:00:00','0000-00-00 00:00:00'),(195,35,7,'0000-00-00 00:00:00','0000-00-00 00:00:00'),(196,35,1,'0000-00-00 00:00:00','0000-00-00 00:00:00'),(197,36,2,'0000-00-00 00:00:00','0000-00-00 00:00:00'),(198,36,3,'0000-00-00 00:00:00','0000-00-00 00:00:00'),(199,36,4,'0000-00-00 00:00:00','0000-00-00 00:00:00'),(200,36,5,'0000-00-00 00:00:00','0000-00-00 00:00:00'),(201,36,6,'0000-00-00 00:00:00','0000-00-00 00:00:00'),(202,36,7,'0000-00-00 00:00:00','0000-00-00 00:00:00'),(203,36,1,'0000-00-00 00:00:00','0000-00-00 00:00:00'),(235,45,1,'0000-00-00 00:00:00','0000-00-00 00:00:00'),(231,43,7,'0000-00-00 00:00:00','0000-00-00 00:00:00'),(230,43,6,'0000-00-00 00:00:00','0000-00-00 00:00:00'),(229,43,5,'0000-00-00 00:00:00','0000-00-00 00:00:00'),(228,43,4,'0000-00-00 00:00:00','0000-00-00 00:00:00'),(227,43,3,'0000-00-00 00:00:00','0000-00-00 00:00:00'),(218,0,0,'0000-00-00 00:00:00','0000-00-00 00:00:00'),(226,43,2,'0000-00-00 00:00:00','0000-00-00 00:00:00'),(236,45,7,'0000-00-00 00:00:00','0000-00-00 00:00:00'),(237,45,6,'0000-00-00 00:00:00','0000-00-00 00:00:00'),(238,45,5,'0000-00-00 00:00:00','0000-00-00 00:00:00'),(239,45,3,'0000-00-00 00:00:00','0000-00-00 00:00:00'),(240,45,2,'0000-00-00 00:00:00','0000-00-00 00:00:00'),(241,46,4,'0000-00-00 00:00:00','0000-00-00 00:00:00'),(242,46,1,'0000-00-00 00:00:00','0000-00-00 00:00:00'),(243,46,7,'0000-00-00 00:00:00','0000-00-00 00:00:00'),(244,46,6,'0000-00-00 00:00:00','0000-00-00 00:00:00'),(245,46,5,'0000-00-00 00:00:00','0000-00-00 00:00:00'),(246,46,3,'0000-00-00 00:00:00','0000-00-00 00:00:00'),(247,46,2,'0000-00-00 00:00:00','0000-00-00 00:00:00'),(253,49,4,'0000-00-00 00:00:00','0000-00-00 00:00:00'),(254,50,4,'0000-00-00 00:00:00','0000-00-00 00:00:00'),(255,50,1,'0000-00-00 00:00:00','0000-00-00 00:00:00'),(256,50,7,'0000-00-00 00:00:00','0000-00-00 00:00:00'),(257,50,6,'0000-00-00 00:00:00','0000-00-00 00:00:00'),(258,50,5,'0000-00-00 00:00:00','0000-00-00 00:00:00'),(259,50,3,'0000-00-00 00:00:00','0000-00-00 00:00:00'),(260,50,2,'0000-00-00 00:00:00','0000-00-00 00:00:00'),(261,51,4,'0000-00-00 00:00:00','0000-00-00 00:00:00'),(262,51,1,'0000-00-00 00:00:00','0000-00-00 00:00:00'),(263,51,7,'0000-00-00 00:00:00','0000-00-00 00:00:00'),(264,51,6,'0000-00-00 00:00:00','0000-00-00 00:00:00'),(265,51,5,'0000-00-00 00:00:00','0000-00-00 00:00:00'),(266,51,3,'0000-00-00 00:00:00','0000-00-00 00:00:00'),(267,51,2,'0000-00-00 00:00:00','0000-00-00 00:00:00'),(279,52,3,'0000-00-00 00:00:00','0000-00-00 00:00:00'),(270,53,4,'0000-00-00 00:00:00','0000-00-00 00:00:00'),(271,53,1,'0000-00-00 00:00:00','0000-00-00 00:00:00'),(272,53,7,'0000-00-00 00:00:00','0000-00-00 00:00:00'),(273,53,6,'0000-00-00 00:00:00','0000-00-00 00:00:00'),(274,53,5,'0000-00-00 00:00:00','0000-00-00 00:00:00'),(275,53,3,'0000-00-00 00:00:00','0000-00-00 00:00:00'),(276,53,2,'0000-00-00 00:00:00','0000-00-00 00:00:00'),(280,54,4,'0000-00-00 00:00:00','0000-00-00 00:00:00'),(281,54,1,'0000-00-00 00:00:00','0000-00-00 00:00:00'),(282,54,7,'0000-00-00 00:00:00','0000-00-00 00:00:00'),(283,54,6,'0000-00-00 00:00:00','0000-00-00 00:00:00'),(284,54,5,'0000-00-00 00:00:00','0000-00-00 00:00:00'),(285,54,3,'0000-00-00 00:00:00','0000-00-00 00:00:00'),(286,54,2,'0000-00-00 00:00:00','0000-00-00 00:00:00');
/*!40000 ALTER TABLE `restaurant_updates_days` ENABLE KEYS */;
UNLOCK TABLES;

--
-- Table structure for table `restaurant_updates_deactivation`
--

DROP TABLE IF EXISTS `restaurant_updates_deactivation`;
/*!40101 SET @saved_cs_client     = @@character_set_client */;
/*!40101 SET character_set_client = utf8 */;
CREATE TABLE `restaurant_updates_deactivation` (
  `id` int(11) NOT NULL AUTO_INCREMENT,
  `update_id` int(11) NOT NULL,
  `reason` varchar(250) NOT NULL,
  `created_at` datetime NOT NULL,
  `updated_at` datetime NOT NULL,
  PRIMARY KEY (`id`)
) ENGINE=MyISAM DEFAULT CHARSET=latin1;
/*!40101 SET character_set_client = @saved_cs_client */;

--
-- Dumping data for table `restaurant_updates_deactivation`
--

LOCK TABLES `restaurant_updates_deactivation` WRITE;
/*!40000 ALTER TABLE `restaurant_updates_deactivation` DISABLE KEYS */;
/*!40000 ALTER TABLE `restaurant_updates_deactivation` ENABLE KEYS */;
UNLOCK TABLES;

--
-- Table structure for table `restaurant_updates_old`
--

DROP TABLE IF EXISTS `restaurant_updates_old`;
/*!40101 SET @saved_cs_client     = @@character_set_client */;
/*!40101 SET character_set_client = utf8 */;
CREATE TABLE `restaurant_updates_old` (
  `id` int(11) NOT NULL AUTO_INCREMENT,
  `restaurant_id` int(11) NOT NULL,
  `update` text NOT NULL,
  `from_time` varchar(100) NOT NULL,
  `end_time` varchar(100) NOT NULL,
  `all_day_flag` tinyint(1) NOT NULL COMMENT '0-inactive,1-active',
  `activation_type` tinyint(1) NOT NULL COMMENT '0-dates,1-days',
  `today_flag` tinyint(1) NOT NULL COMMENT '0-no,1-yes',
  `time_range` tinyint(4) NOT NULL COMMENT '0-no,1-yes',
  `time_range_from` datetime NOT NULL,
  `primary_flag` tinyint(1) NOT NULL COMMENT '0-no,1-yes',
  `status` tinyint(1) NOT NULL COMMENT '0-inactive,1-active',
  `created_at` datetime NOT NULL,
  `updated_at` datetime NOT NULL,
  `time_range_to` datetime NOT NULL,
  PRIMARY KEY (`id`)
) ENGINE=MyISAM DEFAULT CHARSET=latin1;
/*!40101 SET character_set_client = @saved_cs_client */;

--
-- Dumping data for table `restaurant_updates_old`
--

LOCK TABLES `restaurant_updates_old` WRITE;
/*!40000 ALTER TABLE `restaurant_updates_old` DISABLE KEYS */;
/*!40000 ALTER TABLE `restaurant_updates_old` ENABLE KEYS */;
UNLOCK TABLES;

--
-- Table structure for table `restaurants`
--

DROP TABLE IF EXISTS `restaurants`;
/*!40101 SET @saved_cs_client     = @@character_set_client */;
/*!40101 SET character_set_client = utf8 */;
CREATE TABLE `restaurants` (
  `id` int(11) NOT NULL AUTO_INCREMENT,
  `name` varchar(255) NOT NULL,
  `phone` varchar(100) NOT NULL,
  `city_id` int(11) NOT NULL,
  `area_id` int(11) NOT NULL,
  `location_id` int(11) NOT NULL,
  `address` text NOT NULL,
  `start_time` varchar(200) NOT NULL,
  `end_time` varchar(200) NOT NULL,
  `start_time_2` varchar(100) NOT NULL,
  `end_time_2` varchar(100) NOT NULL,
  `minimum_order` int(11) NOT NULL,
  `speciality` varchar(255) NOT NULL,
  `user_id` int(11) NOT NULL,
  `franchisee_id` int(11) NOT NULL,
  `is_franchisee` tinyint(1) NOT NULL COMMENT '0-no,1-yes',
  `franchisee_status` tinyint(1) NOT NULL COMMENT '0-pending,1-accept',
  `reason` varchar(255) NOT NULL,
  `photo` varchar(250) NOT NULL,
  `cost_for_2` decimal(10,2) NOT NULL,
  `min_delivery_cost` decimal(10,2) NOT NULL,
  `added_by` int(11) NOT NULL DEFAULT '0',
  `status` tinyint(1) NOT NULL COMMENT '0-inactive,1-active',
  `created_at` datetime NOT NULL,
  `updated_at` datetime NOT NULL,
  `phone2` varchar(100) NOT NULL,
  `delivery_info` varchar(500) DEFAULT NULL,
  PRIMARY KEY (`id`)
) ENGINE=MyISAM AUTO_INCREMENT=88 DEFAULT CHARSET=latin1;
/*!40101 SET character_set_client = @saved_cs_client */;

--
-- Dumping data for table `restaurants`
--

LOCK TABLES `restaurants` WRITE;
/*!40000 ALTER TABLE `restaurants` DISABLE KEYS */;
INSERT INTO `restaurants` VALUES (11,'The Street Box Cafe','9599060238',1,4,0,'Shop No. 7, Local Market, Near Omaxe Gurgaon Mall','09:00 am','10:00 pm','','',0,'Chole Bhature , Bedmi Puri with Aloo Sabzee ,  Paranthas , Matar Kulcha , Jalebi Rabri',15,0,0,0,'','1451823390.JPG',300.00,0.00,13,1,'2016-01-03 11:03:09','2016-01-03 12:20:22','8800245428','Rs. 40 - Delivery Charge , No Minimum Order Required'),(10,'testabc','9999955555',1,8,-1,'test','09:00 am','03:00 pm','07:00 pm','11:00 pm',0,'Test',14,0,0,0,'','',300.00,300.00,0,0,'2016-01-03 09:27:18','2016-01-03 09:27:18','5555599999','Delivery within 2 km of Radius'),(6,'Food Express','9711978715',1,8,-1,'V.D.O Fazilpur, Sector -72 near Spaze Privy','00:00 am','02:30 am','01:00 pm','11:59 pm',0,'Soya Chaap, Coorporate Thali, Veg and Non-Veg Tandoori Items',9,0,0,0,'','1451480096.jpg',550.00,200.00,7,1,'2015-12-30 12:54:56','2016-02-09 09:08:45','9711748715','null'),(9,'Test','5555599999',1,8,0,'Test','09:00 am','03:00 pm','07:00 pm','11:00 pm',0,'Test',14,0,0,0,'','1451812949.jpg',300.00,300.00,13,0,'2016-01-03 08:58:16','2016-01-31 10:08:46','9999955555','We deliver within 5 km radius'),(12,'ttr','2222233333',1,9,-1,'test','10:00 am','11:00 pm','','',0,'Chole Bhature , Bedmi Puri + Aloo Sabzee , Paranthas , Matar Kulcha , Jalebi Rabri',14,0,0,0,'','',200.00,0.00,0,0,'2016-01-03 12:24:55','2016-01-03 12:24:55','3333322222','a'),(13,'Shree Ram','1244036638',1,4,0,'On Shona Road, Fazilpur Chowk,','00:46 pm','11:59 pm','','',0,'Murthal Ke Paranthe , Shree Ram Special Thali',16,0,0,0,'','1454443566.jpg',100.00,300.00,13,1,'2016-01-03 14:00:22','2016-02-02 20:06:06','9873628585','Free Delivery within 4 KM Radius'),(14,'Shree Ram','1244278885',1,3,0,'Near Shiv Mandir, Fazilpur Road , Opposite Eldeco Mansionz Main Gate','07:00 am','11:00 pm','','',0,'Samosa ,  Shree Ram Special Thali',16,0,0,0,'','1454444174.jpg',150.00,300.00,13,1,'2016-01-03 14:07:55','2016-02-02 20:16:14','9873349885','Free Delivery within 4 km Radius'),(15,'Rao\'s Meeting Point','9999133408',1,4,0,'Shop No. 4, Opposite Haldiram Omaxe City Centre Mall','9:00 am','10:00 pm','','',0,'Tandoori Parantha, Cholley Bhature, Paneer Tikka Dosa, Spring Dosa, Directors Thali',18,0,0,0,'','1452092786.jpg',200.00,100.00,13,1,'2016-01-05 10:07:10','2016-01-06 15:06:26','','Delivery within 2 Km \r\nSocieties: Orchid Petals, Uppals Southend S- block, Spaze - IT Park'),(16,'India Inbox','1244043043',1,4,0,'Shop No. 3A, Ground Floor, Omaxe Gurgaon Mall','09:30 am','11:00 pm','','',0,'Chicken Korma, Mutton Seekh, Dal Makhani, Mix Veg, Fruit Icecream',19,0,0,0,'','1452093210.png',250.00,150.00,13,1,'2016-01-05 11:06:01','2016-01-06 15:13:30','','Areas near Sohna Road'),(17,'Cafe Xtasi','1246512345',1,4,0,'Shop No. 08, Ground Floor, C block, Omaxe Gurgaon Mall','11:00 am','11:00 pm','','',0,'Papa Pepproni Pizza, Meat Balls Pasta, Pork Ribs',20,0,0,0,'','1454236789.jpg',700.00,500.00,13,1,'2016-01-05 12:05:30','2016-01-31 10:39:49','','.'),(18,'Cafe Xtasi','1244200700',1,22,0,'SF 91, 1st floor, Galleria Market Phase 4','11:00 am','11:00 pm','','',0,'Papa Pepperni Pizza, Meat Balls Pasta, Grilled Pork Ribs',20,0,0,0,'','1454237195.jpg',700.00,500.00,13,1,'2016-01-05 12:13:02','2016-01-31 10:46:35','','.'),(19,'Rasoi Ghar','9873800026',1,4,0,'Omaxe Gurgaon Mall','09:00 am','11:00 pm','','',0,'',21,0,0,0,'','1454444425.jpg',100.00,100.00,13,1,'2016-01-05 13:02:09','2016-02-02 20:20:25','','Delivery within 4 km Area'),(20,'Cafe Every Day','995385524',1,5,0,'Tower B1, Ground Floor, IT Spaze Park','09:00 am','09:00 pm','','',0,'Burger, Idli Sambhar, Poha, Kathi Rolls',22,0,0,0,'','1454236538.jpg',150.00,0.00,13,1,'2016-01-06 11:54:02','2016-01-31 10:35:38','','Delivery only in I.T Spaze Park'),(21,'Cafe Every Day','9654627017',1,4,0,'Lift Lobby Area, Omaxe Gurgaon Mall','09:00 am ','09:00 pm','','',0,'Burgers, Idli Samber, Poha',22,0,0,0,'','1454236390.jpg',150.00,0.00,13,1,'2016-01-06 11:59:48','2016-01-31 10:33:10','','No Delivery'),(22,'The Tea & Juice Co.','9810014145',1,5,0,'Spaze ITech Park','08:30 am','08:00 pm','','',0,'Sugarcane Juice, Ginger Tea, Poha',23,0,0,0,'','1452092732.jpg',100.00,150.00,13,1,'2016-01-06 12:43:00','2016-01-06 15:05:32','','Delivery Only In Spaze IT Park'),(23,'tyh','9999999999',1,22,-1,'later','07:58 pm','08:58 pm','09:58 pm','10:58 pm',0,'tyh',14,0,0,0,'','1452169327.jpg',200.00,200.00,0,0,'2016-01-06 14:31:26','2016-01-07 12:22:07','8888888888','Fgjk'),(24,'Amroha walon ka hotel','9717172925',1,4,0,'Opposite Raheja Mall','07:00 am','09:00 pm','','',0,'Meerut Ki Biryani',24,0,0,0,'','',150.00,300.00,13,0,'2016-01-08 10:14:56','2016-01-31 10:11:38','8750146162','Delivery within 4 km'),(25,'Dil-e-Amritsar','9871884300',1,6,1,'UG-14, Malibu House, Opp. Good Earth City Centre','11:00 am','03:00 pm','06:00 pm','11:00 pm',0,'Amritsari ',26,0,0,0,'','1454237062.jpg',700.00,300.00,13,1,'2016-01-09 20:27:39','2016-01-31 10:44:22','9871885150','Minimum Order for Home/Office Delivery is subject to Distance.'),(26,'Doughlicious','8010119900',1,5,2,'Vatika Business Park, Block 2','08:30 am','09:30 pm','','',0,'Pasta, Thai Curry, Kolaches & Croissants',27,0,0,0,'','1452373604.jpg',550.00,300.00,13,1,'2016-01-09 21:02:56','2016-01-10 10:21:59','1244245502','Since Doughlicious makes everything afresh, the actual delivery time will vary depending on the order and delivery conditions.'),(27,'Doughlicious','8010119900',1,24,4,'Ground floor,Tower B,Global Business park','08:30 am','09:30 pm','','',0,'Pasta, Thai Curry, Kolaches & Croissants',27,0,0,0,'','1452373604.jpg',550.00,300.00,13,1,'2016-01-09 21:02:56','2016-01-09 21:06:44','1244245093','Since Doughlicious makes everything afresh, the actual delivery time will vary depending on the order and delivery conditions.'),(28,'Doughlicious','8010119900',1,13,7,'Plot No.8, Near Hero Honda Chowk','08:30 am','09:30 pm','','',0,'Pasta, Thai Curry, Kolaches & Croissants',27,0,0,0,'','1452373604.jpg',550.00,300.00,13,1,'2016-01-09 21:02:56','2016-01-10 10:32:07','8527969900','Since Doughlicious makes everything afresh, the actual delivery time will vary depending on the order and delivery conditions.'),(29,'Doughlicious','8010119900',1,29,8,'Unit No. 11, Ground Floor, Amenity Block','08:30 am','09:30 pm','','',0,'Pasta, Thai Curry, Kolaches & Croissants',27,0,0,0,'','1452373604.jpg',550.00,300.00,13,1,'2016-01-09 21:02:56','2016-01-10 10:33:41','1244245628','Since Doughlicious makes everything afresh, the actual delivery time will vary depending on the order and delivery conditions.'),(32,'The Factory','9555555791',1,4,0,'Opp. Fortune Hotel','12:00 pm','01:00 am','','',0,'',30,0,0,0,'','1454442635.jpg',500.00,399.00,13,1,'2016-01-11 09:29:20','2016-02-02 19:50:35','9555555792','Late Night Delivery Available. We accep Credit/ Debit card at home'),(33,'Tandoori Innings','1244070999',1,6,1,'UG-03, Shopping Arcade, Malibu Towne, Gurgaon','11:00 am','03:00 pm','06:30 pm','11:30 pm',0,'',31,0,0,0,'','1454237772.jpg',500.00,300.00,13,1,'2016-01-12 07:17:38','2016-01-31 10:56:12','8745070999',NULL),(31,'Doughlicious','8010119900',1,6,1,'Unit No. 130,First Floor,Good Earth City Center,Malibu Town','08:30 am','09:30 pm','','',0,'Pasta, Thai Curry, Kolaches & Croissants',27,0,0,0,'','1452373604.jpg',550.00,300.00,13,1,'2016-01-09 21:02:56','2016-01-10 10:37:39','1244690664','Since Doughlicious makes everything afresh, the actual delivery time will vary depending on the order and delivery conditions.'),(34,'testabc','9953908080',1,4,0,'later','03:01 pm','11:01 pm','','',0,'',14,0,0,0,'','1452591177.jpg',500.00,500.00,0,0,'2016-01-12 09:32:57','2016-01-12 09:32:57','',NULL),(35,'Sam\'s Pitstop','1242848276',1,6,1,'124 & 125, Good Earth City Centre','11:00 am','11:00 pm','','',0,'Black Bead Chicken (Main Course), Medditerrean Mirch, Fish n Chips, Melanzane Di Pormigana, Quinoa Salad, Watermelon Fela Salad',32,0,0,0,'','1454237722.jpg',1000.00,350.00,13,1,'2016-01-12 10:18:52','2016-01-31 10:55:22','','Delivery within 7 to 8 km'),(36,'Cafe Tangerine & Salt','9910806727',1,6,1,'Unit No. 131/132, Good Earth City Centre','11:00 am','12:00 am','','',0,'Jerk Chicken, Panko Fried Prawns, Moroccan Tajine, Veg./Non Veg. Sliders, Jhin Crushed Pizzas',34,0,0,0,'','1454236630.png',1000.00,0.00,13,1,'2016-01-12 12:49:25','2016-01-31 10:37:10','','No Delivery'),(37,'Rocket Chef','1246900060',1,1,0,'Maharana Pratap Chowk, Opposite MDI','11:00','11:00','','',0,'Rocket Kebab Box, Butter Chicken Box, Malai Kofta Combo, Spicy Chicken Tai Chi, Crispy Fish Five Spice',34,0,0,0,'','1454237700.png',700.00,300.00,13,1,'2016-01-12 13:04:38','2016-01-31 10:55:00','1246900080',NULL),(38,'Nizam\'s Kathi Kabab','9654303304',1,6,1,'Shop 135, First Floor, Good Earth City Centre','11:00 am','11:00 pm','','',0,'',33,28,1,0,'','1454237167.jpg',600.00,400.00,13,1,'2016-01-12 13:19:17','2016-01-31 10:46:07','9999555320',NULL),(39,'Red Onion','1244285256',1,3,0,'Shop No. 20, Vipul Trade Centre','11:00 am','11:00 pm','','',0,'Amritsari Kulcha',36,0,0,0,'','1454237676.jpg',400.00,250.00,13,1,'2016-01-14 09:40:04','2016-01-31 10:54:36','9871100545','Delivery within 5 Km Area'),(40,'The Spice Room','1244222966',1,5,2,'Block-3, Ground Floor, Vatika Business Park','12:00 pm','12:00 am','','',0,'Murg Lucknawi Biryani, Pan Ice Cream, Mutton Galawati Kebab, Palak Bhutte Ki Shami, Dal TSR',37,0,0,0,'','1454237877.jpg',1100.00,500.00,13,1,'2016-01-14 09:58:39','2016-01-31 10:57:57','','Delivers within 5 km Vicinity. We can extend the range of delivery based on te order size.'),(41,'Caffe Mad House ','1244295558',1,5,2,'Unit 1, Block-4, Vatika Business Park, Sohna Road, Sector-49','11:30 am','12:00 am','','',0,'Mad Dhoka (Dahi Kabab), Lovely Legs, Molten Mutton, Guloty Kabab, Butte ka Keema Kabab',39,0,0,0,'','1454236595.jpg',1400.00,350.00,13,1,'2016-01-16 17:40:29','2016-01-31 10:36:35','1244295559','Delivery within 5 km Radius. Delivery Timings are from 12:00 pm to 10:30 pm'),(42,'Angrezee Dhaba','8010270071',1,6,9,'G-30, Baani Square, Sector 50','12:00 pm','11:00 pm','','',0,'Dahi Ke Kabab, Dhaba Bhutti Kabab, Rahra Paneer, Railway Mutton Curry, Murgh ki Ashrafi',40,0,0,0,'','1454442294.jpg',500.00,300.00,13,1,'2016-01-16 17:54:23','2016-02-02 19:44:54','','Upto 5  km on Order above 500 and upto 10 km on order above 1000'),(43,'Sandburg Shakes','1244373585',1,6,9,'G-28, Baani Square, Sector 50','10:00 am','11:00 pm','','',0,'Burgers, Shakes, Breadwiches, Coffee, Pizza',41,0,0,0,'','1454237747.jpg',500.00,300.00,13,1,'2016-01-16 18:07:50','2016-01-31 10:55:47','','Free delivery upto 3 KM. \r\nBeyond 3 Km: Delivery Fee of Rs. 68 or a minimum order of 1000'),(44,'NutriVito','1244027111',1,15,0,'G.F 05 ILD Trade Centre Mall, Sector 47, Sohna Road','11:00 am','11:00 pm','','',0,'',14,0,0,0,'','1454444148.jpg',500.00,300.00,13,1,'2016-01-16 18:21:25','2016-02-02 20:15:48','','Free Delivery within 10 Km range'),(45,'Wah Ji Wah','9250003661',1,4,0,'Shop No. 1A, Sohna Road, Subhash Chowk, Adjacent Omaxe Celebration Mall','11:00 am','11:00 pm','','',0,'Soyabean Ke Chaap',14,38,1,0,'','1454238040.jpg',400.00,300.00,13,1,'2016-01-16 18:37:43','2016-01-31 11:00:40','1246999905','Delivery within 3 km. Area'),(46,'The Coco Company','9818503550',1,4,0,'GF-17, Ninex City Mart, Sohna Road','10:00 am','09:00 pm','','',0,'Trio Mousse Pastry, Blueberry Cold Cheese Cake, New York Based Cheese Cake, Belgian Chocolates',45,0,0,0,'','1454237798.jpg',400.00,400.00,13,1,'2016-01-17 17:03:32','2016-01-31 10:56:38','','Free Delivery within 5 km Radius. \r\nRs. 50 beyond 5 km Radius'),(47,'Legend\'s','1244006788',1,6,9,'Shop S-79, 80&81, 2nd floor, Block D, Baani Square, Sector 50','11:00 am','11:00 pm','','',0,'Salads',44,0,0,0,'','1454237141.jpg',700.00,350.00,13,1,'2016-01-17 17:12:03','2016-01-31 10:45:41','',NULL),(48,'Adiva\'s Grill','9821528005',1,6,9,'Shop No. 104, 105 , Baani Square, Sector 50','11:30 am','11:00 pm','','',0,'Grilled Chettinad Chicken Skewers, Chicken Kali Mirch Tikka, Tawa Mutton Chop, Dahi Ke Sholey',46,0,0,0,'','1454188604.jpg',800.00,350.00,13,1,'2016-01-18 11:28:23','2016-01-30 21:16:44','','Serves within 3 km Radius'),(49,'Food High at My My Kitchen','9818787878',1,6,9,'G-89-90, Block D, Baani Square, Sec 50','11:00 am','10:30 pm','','',0,'',47,0,0,0,'','1454443107.jpg',600.00,500.00,13,1,'2016-01-18 11:44:09','2016-02-02 19:58:27','',NULL),(50,'Olive Tree Cafe','1244206980',1,6,9,'G-6, Baani Square, Sector 50','11:00 am','11:00 pm','','',0,'Daily Special Soups, Grilled Chicken Peri-Peri, Sloppy Joe Peri-Peri Burger, Hungarian Lamb Goulash, Nutella nd Walnut Brownie with Caramlized Figs',48,0,0,0,'','1454237568.jpg',900.00,1000.00,13,1,'2016-01-20 13:01:15','2016-01-31 10:52:48','','Delivery within 5 km range'),(51,'Cafe Kangaroos','9811008895',1,6,9,'G-12, Baani Square, Sector 50','12:00 pm','11:00 pm','','',0,'Bruchetta, Burgers (Captain Cook, Ranch), Chicken Steaks, Animal Fries, Chicken Wings (Ranch, BBQ)',49,0,0,0,'','1454236563.jpg',1000.00,500.00,13,1,'2016-01-20 13:12:01','2016-01-31 10:36:03','','Free Delivery within 4 km'),(52,'Colonels Kababz','1244215847',1,6,9,'Later','11:30 am','11:30 pm','','',0,'',50,0,0,0,'','1454237032.jpg',500.00,500.00,13,1,'2016-01-20 13:20:07','2016-01-31 10:43:52','1244215848','Delivery within 6 km '),(53,'Colonels Kababz','1244102332',1,35,0,'N-14-Qutub Plaza, DLF-Phase-1','11:30 am','11:30 pm','','',0,'',50,0,0,0,'','1454237018.jpg',500.00,500.00,13,1,'2016-01-20 13:30:18','2016-01-31 10:43:38','1244227989','Delivery within 6 km Area'),(54,'Thaichi','1244242425',1,6,9,'G-47, Baani Square, Sector 50','12:00 pm','11:00 pm','','',0,'Thai Curry (Red, Yellow, Green), Noodle Bowl, Nasi Goreng, Massaman Curry, Rendang Curry',51,0,0,0,'','1454442372.jpg',1100.00,500.00,13,1,'2016-01-20 13:45:06','2016-02-02 19:46:12','','Delivery Upto 5 Km.'),(55,'Coastal Reef','1244272650',1,6,9,'Shop 54-55, Baani Square, Sector 50','12:00 pm','11:30 pm','','',0,'Appam, Kothu Poruta, Malabar Poruta, Malabar Fish Curry',52,0,0,0,'','1454236983.jpg',500.00,500.00,13,1,'2016-01-20 14:01:25','2016-01-31 10:43:03','','Delivery within 3 km Area for orders above Rs. 500\r\nDelivery within 5 to 6 Km for order above Rs. 1000\r\nDelivery uptil 10 km for order above Rs. 2000'),(56,'Ambarsari Chowk','8527128282',1,6,9,'G-4 & 5, Baani Square, sector 50','12:00 pm','11:00 pm','','',0,'Ambarsari Chicken, Ambarsari Mutton, Ambarsari Paneer Butter Masala, Desi Chicken Curry, Desi Mutton Curry',54,0,0,0,'','1454236487.jpg',500.00,500.00,13,1,'2016-01-20 14:28:25','2016-01-31 10:34:47','7863828282','Delivery upto 5 Km'),(57,'Cafe My Pie','1244200370',1,6,9,'G-27, Baani Square, Sector 50','10:00 am','10:00 pm','','',0,'Choco Truffles, Ferrero Rocher, Choco Mud',55,0,0,0,'','1454442894.jpg',350.00,350.00,13,1,'2016-01-21 12:57:34','2016-02-02 19:54:54','9717866228','Delivery From 6 to 8 km'),(58,'Yellow Bell Pepper','7042025007',1,5,10,'S.No. 155, 1st Floor, Sapphire Mall, Sector 49','11:30 am','11:00 pm','','',0,'',57,0,0,0,'','1454238114.jpg',250.00,250.00,13,1,'2016-01-24 18:34:29','2016-01-31 11:01:54','','Delivery within 4 Km. Area Range'),(59,'The Spice Lab','1244101111',1,6,9,'Shop G-1,1A, Baani Square, Sector 50','12:00 pm','11:00 pm','','',0,'Bhatti da Murgh, Do Nali Kebab, Paneer Tikka, Paneer Butter Masala, Navratni Korma Murgh',58,0,0,0,'','1454237856.jpg',700.00,300.00,13,1,'2016-01-24 18:46:08','2016-01-31 10:57:36','','Within 3 Km for order below Rs. 1000 and upto 5 km after that'),(60,'Chef\'s Kitchen','9958311333',1,5,10,'Shop No. 48, 1st floor, Sapphire Mall, Sector 49','12:00','11:00 pm','','',0,'Butter Chicken, Paneer Dhaniya Adraki, Pyaz Hari Mirch Kulcha, Mutton Roganjosh,Dal Makhani',59,0,0,0,'','1454443901.jpg',400.00,200.00,13,1,'2016-01-24 18:56:46','2016-02-02 20:11:41','',NULL),(61,'Chef\'s Kitchen','9599926296',1,36,0,'Wazirabad','12:00 pm','11:00 pm','','',0,'Butter Chicken, Paneer Dhaniya Adraki, Pyaz Hari Mirch Kulcha, Mutton Roganjosh, Punjabi Cholle',59,0,0,0,'','1454443928.jpg',400.00,200.00,13,1,'2016-01-24 19:05:43','2016-02-02 20:12:08','7065646226',NULL),(62,'The Grill Village','9953537077',1,5,10,'Shop No. 176, First Floor, The Sapphire, Sector 49','11:00 am','11:00 pm','','',0,'Galouti Kebabs, Kakori Kebabs, Biryani, Tandoor Chicken Bhagdadi',60,0,0,0,'','1454237828.jpg',400.00,0.00,13,1,'2016-01-24 19:14:58','2016-01-31 10:57:08','','Delivery within 5 km of Area'),(63,'Lalmirch.in','9599947701',1,5,10,'159, The Sapphire Mall., Sector 49','11:00 am','11:00 pm','','',0,'Butter Chicken, Chicken Mumtaz, Soya Chaap Masala, Mutton Rara, Tawa Paneer',61,0,0,0,'','1454237101.jpg',400.00,350.00,13,1,'2016-01-24 19:20:43','2016-01-31 10:45:01','9599946701','Delivery within 4 km Area only'),(64,'Chakkhna: Beyond Peanuts','9818817988',1,5,10,'111, First Floor, Sapphire Mall, Sector-49, Gurgaon','11:00 am','11:00 pm','','',0,'Dahi Ke Sholey, Paneer Tikka, Afghani Chicken, Chicken Barrah, Mutton Seekh Kebab',62,0,0,0,'','1454236921.jpg',450.00,200.00,13,1,'2016-01-26 15:14:44','2016-01-31 10:42:01','','Delivery within 5 Km. Area'),(65,'Wangshis','1246450649',1,5,10,'G-52, The Sapphire, Opp. Orchid Petal, Sector-49','11:00','11:00','','',0,'Chicken Lollipop, Honey Chilli Chicken Dry, Mushroom Duplex, Chicken Szechuan, Fish Chilly Dry',63,0,0,0,'','1454238063.jpg',500.00,200.00,13,1,'2016-01-26 15:21:48','2016-01-31 11:01:03','9999279070','Delivery within 5 km Area'),(66,'Kebabnama','8467994099',1,5,10,'161, 1st Floor, The Sapphire Mall, Sector-49','11:00 am','11:00 pm','','',0,'',64,0,0,0,'','1454442475.jpg',400.00,300.00,13,1,'2016-01-29 09:53:03','2016-02-02 19:47:55','','Delivery within 3 Km for Minimum order of Rs. 300 \r\nDelivery uptil 5 km for Minimum order of Rs. 500'),(67,'Cyber Adda 24','1244300070',1,4,0,'Unit 1A, Ground Floor, Weldone Tech Park, Sec-48','11:00 am','10:00 pm','','',0,'Butter Chicken, Dal Makhani, Chicken Kali Mirch, Chole Bhature, Biryani',65,0,0,0,'','',200.00,150.00,13,1,'2016-01-29 10:12:14','2016-01-29 10:12:40','',NULL),(68,'Punjabi Tandoor','7042727751',1,5,10,'177, The Sapphire Mall, Sector-49','11:00 am','11:00 pm','','',0,'Paneer Lababdar, Kadhai Chicken, Chicken Rara, Tandoori Chicken, Chicken Barra',68,0,0,0,'','1454442741.jpg',400.00,300.00,13,1,'2016-01-31 08:09:29','2016-02-02 19:52:21','7042727750','Delivery upto 5 Km for order above Rs. 300\r\nDelivery upto 10 km for order abov Rs. 700'),(69,'Chawlas2','9555032333',1,5,10,'170, 1st Floor, The Sapphire, Sohna Road, Sector 49','11:00 am','10:30 pm','','',0,'Chawlas Famous Cream Chicken, Chicken Khurana, Butter Chicken, Dal Makhani, Tandoori Chicken',69,66,1,0,'','1454442811.jpg',400.00,300.00,13,1,'2016-01-31 08:42:56','2016-02-02 19:53:31','','Delivery upto 4 Km. for Minimum order of Rs. 300\r\nDelivery  over 4 Km. for order above Rs. 500\r\n\r\nDelivery Charges applicable if order below Minimum Order Cost'),(70,'BBQ Corner','1244110598',1,6,9,'G-107, Baani Square, Sector 50','11:00 am','11:00 pm','','',0,'',71,0,0,0,'','1454443200.jpg',500.00,300.00,13,1,'2016-01-31 09:21:23','2016-02-02 20:00:00','1244110499',NULL),(71,'Lub Lub Lebanese','12442220400',1,6,9,'G-64, Baani Square, Sector 50','11:00 am','11:00 pm','','',0,'Shawarmas',70,0,0,0,'','1454443255.jpg',500.00,500.00,13,1,'2016-01-31 09:29:49','2016-02-02 20:00:55','','Delivery within 4 km Radius'),(72,'Queen\'s Bar & Lounge','9599516611',1,6,1,'54, Good Earth City Centre, Sector-50','10:00 am','12:00 pm','','',0,'',72,0,0,0,'','1454443872.jpg',1200.00,0.00,13,1,'2016-01-31 14:01:23','2016-02-02 20:11:12','8826088788',NULL),(73,'Master Chef Fast Food','9899820212',1,15,0,'Upper ground floor -30, AVA Court, Malibu Town, Sector-47','11:00 am','10:00 pm','','',0,'Chilly Momos, Chilly Chicken, Drums of Heaven, Chicken Lollipop, Schezwan (veg/non veg)',74,0,0,0,'','1454746679.jpg',300.00,300.00,13,1,'2016-02-03 12:14:09','2016-02-06 08:17:59','',NULL),(74,'Shri Ratnam','9999161037',1,15,0,'Shop Number-17,18,19,20 AVA Court, Sector-47, Near Park Hospital','08:00am','11:00 pm','','',0,'Star Special Dosa, Malabar Paratha ',14,0,0,0,'','',450.00,300.00,13,0,'2016-02-03 12:28:00','2016-02-03 12:28:00','',NULL),(75,'Shree Rathnam','9999161037',1,15,0,'Shop Numer 17,18,19,20 AVA Court, Sector-47, Near Park Hospital','08:00 am','11:00 pm','','',0,'Star Special Dosa, Malabar Parantha',14,75,1,0,'','1454746721.jpg',450.00,300.00,13,1,'2016-02-03 12:39:03','2016-02-06 08:18:41','9540047771',NULL),(76,'Cest La Vie','9999999999',1,6,0,'Shop Number - 15,16,17 Courtyard Marked, Sector-50','10:00 am','10:00 pm','','',0,'Sandwiches ',14,0,0,0,'','1454746798.jpg',700.00,0.00,13,0,'2016-02-03 12:46:41','2016-02-06 08:19:58','',NULL),(77,'Biryani Cafe','9990520344',1,19,0,'AG 65, Unitech Arcadia, South-City-2','11:00 am','10:00 pm','','',0,'Chicken Kofta Biryani',76,0,0,0,'','1454746969.jpg',300.00,300.00,13,1,'2016-02-03 13:51:29','2016-02-06 08:22:49','9899398343','Delivery within 3 km Area'),(78,'Khansama Restaurant','9899066510',1,19,0,'307 South City 2, F Block, 3rd Floor','11:00 am','11:00 pm','','',0,'Paneer Lavabdar, Tandoori Chicken, Chicken Kebab Platter, Kurkure Paneer Tikaa, Butter Chicken',78,0,0,0,'','1454746902.jpg',400.00,300.00,13,1,'2016-02-04 11:57:42','2016-02-06 08:21:42','',NULL),(79,'Litti Mahal','9871098910',1,19,0,'CG-99, Arcadia Unitech, South City 2, Gurgaon','11:30 am','11:30 pm','','',0,'Mitti Mutton, Mitti Chokha, Fried Litti Chicken',79,0,0,0,'','',300.00,300.00,13,1,'2016-02-04 12:05:55','2016-02-04 12:06:50','',NULL),(80,'Khopcha 56','8587868787',1,19,12,'CG-56, Unitech Arcadia, South City 2, Sohna Road, Gurgaon','01:00 am','11:00 pm','','',0,'Grilled Chicken, Handi Chicken, Fish Fry, Chicken Barra, Changezi Chicken',81,0,0,0,'','',300.00,250.00,13,1,'2016-02-06 09:51:14','2016-02-06 10:07:23','','Within 4 Kms'),(81,'Biryani Blues','0124-2865555',1,5,14,'FF-17, First Floor, Ninex City Mart, Sector-49, Sohna Road, Gurgaon','11:30 am','10:30 pm','','',0,'Hyderabadi Biryani, Mughlaai',83,0,0,0,'','1454753354.png',700.00,300.00,13,1,'2016-02-06 10:01:33','2016-02-06 11:05:44','','Within 5 kms'),(82,'Cafe Myst','1244982969',1,3,16,'Unit P 1-2-3, Ground Floor, JMD Megapolis Mall, Sohna Road','12:00 am','12:00 pm','','',0,'',84,0,0,0,'','1454757802.jpg',1400.00,0.00,13,1,'2016-02-06 11:19:01','2016-02-06 11:23:22','','No Home Delivery'),(83,'Lazeez Foods Restaurant','9211010888',1,19,12,'F-24, Ground Floor, South City 2','11:00 am','11:00 pm','','',0,'Butter Chicken, Paneer Butter Masala, Shahi Paneer, Chicken Biryani, Tandori Chicken',89,0,0,0,'','',300.00,300.00,13,1,'2016-02-09 11:38:59','2016-02-09 11:39:28','',NULL),(84,'The Daily Curry','9811334788',1,19,12,'Shop Number-4, First Floor, B Block, Commercial Complex, South City 2','11:00 am','11:00 pm','','',0,'Chicken Curry, Malai Chicken Tikka, Laal Mast, Bengali Kosha Manghso, Biryani',90,0,0,0,'','',300.00,250.00,13,0,'2016-02-09 11:52:45','2016-02-09 11:52:45','9811334714','Within 3 Kms'),(85,'China Chowk','9871010289',1,5,10,'101, Sapphire Mall, Sector-49','12:00 pm','04:00 pm','06:00 pm','11:00 pm',0,'Veg. Salt & Pepper, Chicken Dimsum, Veg. In Szechuan Sauce, Crispy Lamb with Pepper, Chicken Hongkong',91,0,0,0,'','',650.00,300.00,13,1,'2016-02-09 12:03:01','2016-02-09 12:03:33','9871010389','Within 6 kms'),(86,'The Owlet','9910241176',1,5,0,'Shop 12B, Ninex City Mart, Sohna Road, Gurgaon','12:00 am','05:00 am','07:00 pm','11:59 pm',0,'',92,0,0,0,'','',600.00,0.00,13,0,'2016-02-09 12:15:18','2016-02-09 12:15:18','',NULL),(87,'The Owlet','9910241176',1,5,0,'Shop 12B, Ninex City Mart, Sohna Road, Gurgaon','12:00 am','05:00 am','07:00 pm','11:59 pm',0,'',92,0,0,0,'','',600.00,0.00,13,0,'2016-02-09 12:15:22','2016-02-09 12:15:22','',NULL);
/*!40000 ALTER TABLE `restaurants` ENABLE KEYS */;
UNLOCK TABLES;

--
-- Table structure for table `tags`
--

DROP TABLE IF EXISTS `tags`;
/*!40101 SET @saved_cs_client     = @@character_set_client */;
/*!40101 SET character_set_client = utf8 */;
CREATE TABLE `tags` (
  `id` int(11) NOT NULL AUTO_INCREMENT,
  `name` varchar(250) NOT NULL,
  `created_at` datetime NOT NULL,
  `updated_at` datetime NOT NULL,
  PRIMARY KEY (`id`)
) ENGINE=MyISAM AUTO_INCREMENT=24 DEFAULT CHARSET=latin1;
/*!40101 SET character_set_client = @saved_cs_client */;

--
-- Dumping data for table `tags`
--

LOCK TABLES `tags` WRITE;
/*!40000 ALTER TABLE `tags` DISABLE KEYS */;
INSERT INTO `tags` VALUES (1,'Booze','2015-12-25 18:16:40','2015-12-25 18:16:40'),(22,'Burger','2016-02-03 08:02:07','2016-02-03 08:02:07'),(20,'Wraps, Rolls & Sandwiches','2016-02-03 08:01:33','2016-02-03 08:01:33'),(5,'Biryani','2015-12-25 18:16:40','2015-12-25 18:16:40'),(8,'Buffet','2015-12-25 18:16:40','2015-12-25 18:16:40'),(11,'Discount & Promos','2015-12-25 18:16:40','2016-02-02 12:19:30'),(12,'Tiffin','2015-12-25 18:16:40','0000-00-00 00:00:00'),(13,'Happy Hours','2016-02-02 12:13:27','2016-02-02 12:13:27'),(14,'Dish of the Day','2016-02-02 12:14:24','2016-02-02 12:14:24'),(23,'Combo Meal','2016-02-06 06:57:32','2016-02-06 06:57:32'),(21,'Pizza','2016-02-03 08:01:47','2016-02-03 08:01:47');
/*!40000 ALTER TABLE `tags` ENABLE KEYS */;
UNLOCK TABLES;

--
-- Table structure for table `updates_tags`
--

DROP TABLE IF EXISTS `updates_tags`;
/*!40101 SET @saved_cs_client     = @@character_set_client */;
/*!40101 SET character_set_client = utf8 */;
CREATE TABLE `updates_tags` (
  `id` int(11) NOT NULL AUTO_INCREMENT,
  `update_id` int(11) NOT NULL,
  `tag_id` int(11) NOT NULL,
  `created_at` datetime NOT NULL,
  `updated_at` datetime NOT NULL,
  PRIMARY KEY (`id`)
) ENGINE=MyISAM AUTO_INCREMENT=168 DEFAULT CHARSET=latin1;
/*!40101 SET character_set_client = @saved_cs_client */;

--
-- Dumping data for table `updates_tags`
--

LOCK TABLES `updates_tags` WRITE;
/*!40000 ALTER TABLE `updates_tags` DISABLE KEYS */;
INSERT INTO `updates_tags` VALUES (5,0,0,'0000-00-00 00:00:00','0000-00-00 00:00:00'),(3,2,1,'0000-00-00 00:00:00','0000-00-00 00:00:00'),(4,2,5,'0000-00-00 00:00:00','0000-00-00 00:00:00'),(6,0,0,'0000-00-00 00:00:00','0000-00-00 00:00:00'),(7,0,0,'0000-00-00 00:00:00','0000-00-00 00:00:00'),(9,9,5,'0000-00-00 00:00:00','0000-00-00 00:00:00'),(10,0,0,'0000-00-00 00:00:00','0000-00-00 00:00:00'),(11,0,0,'0000-00-00 00:00:00','0000-00-00 00:00:00'),(13,12,5,'0000-00-00 00:00:00','0000-00-00 00:00:00'),(16,13,11,'0000-00-00 00:00:00','0000-00-00 00:00:00'),(17,15,10,'0000-00-00 00:00:00','0000-00-00 00:00:00'),(18,16,10,'0000-00-00 00:00:00','0000-00-00 00:00:00'),(19,17,10,'0000-00-00 00:00:00','0000-00-00 00:00:00'),(20,0,0,'0000-00-00 00:00:00','0000-00-00 00:00:00'),(22,19,6,'0000-00-00 00:00:00','0000-00-00 00:00:00'),(23,0,0,'0000-00-00 00:00:00','0000-00-00 00:00:00'),(24,0,0,'0000-00-00 00:00:00','0000-00-00 00:00:00'),(25,0,0,'0000-00-00 00:00:00','0000-00-00 00:00:00'),(27,25,5,'0000-00-00 00:00:00','0000-00-00 00:00:00'),(45,26,13,'0000-00-00 00:00:00','0000-00-00 00:00:00'),(31,27,5,'0000-00-00 00:00:00','0000-00-00 00:00:00'),(33,0,0,'0000-00-00 00:00:00','0000-00-00 00:00:00'),(35,29,3,'0000-00-00 00:00:00','0000-00-00 00:00:00'),(36,0,0,'0000-00-00 00:00:00','0000-00-00 00:00:00'),(37,0,0,'0000-00-00 00:00:00','0000-00-00 00:00:00'),(41,31,8,'0000-00-00 00:00:00','0000-00-00 00:00:00'),(40,31,7,'0000-00-00 00:00:00','0000-00-00 00:00:00'),(42,0,0,'0000-00-00 00:00:00','0000-00-00 00:00:00'),(43,0,0,'0000-00-00 00:00:00','0000-00-00 00:00:00'),(44,0,0,'0000-00-00 00:00:00','0000-00-00 00:00:00'),(48,32,14,'0000-00-00 00:00:00','0000-00-00 00:00:00'),(49,0,0,'0000-00-00 00:00:00','0000-00-00 00:00:00'),(50,0,0,'0000-00-00 00:00:00','0000-00-00 00:00:00'),(51,0,0,'0000-00-00 00:00:00','0000-00-00 00:00:00'),(52,0,0,'0000-00-00 00:00:00','0000-00-00 00:00:00'),(53,0,0,'0000-00-00 00:00:00','0000-00-00 00:00:00'),(54,0,0,'0000-00-00 00:00:00','0000-00-00 00:00:00'),(55,0,0,'0000-00-00 00:00:00','0000-00-00 00:00:00'),(56,0,0,'0000-00-00 00:00:00','0000-00-00 00:00:00'),(60,0,0,'0000-00-00 00:00:00','0000-00-00 00:00:00'),(64,0,0,'0000-00-00 00:00:00','0000-00-00 00:00:00'),(67,0,0,'0000-00-00 00:00:00','0000-00-00 00:00:00'),(68,0,0,'0000-00-00 00:00:00','0000-00-00 00:00:00'),(65,0,0,'0000-00-00 00:00:00','0000-00-00 00:00:00'),(66,0,0,'0000-00-00 00:00:00','0000-00-00 00:00:00'),(131,35,23,'0000-00-00 00:00:00','0000-00-00 00:00:00'),(125,34,23,'0000-00-00 00:00:00','0000-00-00 00:00:00'),(74,0,0,'0000-00-00 00:00:00','0000-00-00 00:00:00'),(76,0,0,'0000-00-00 00:00:00','0000-00-00 00:00:00'),(134,0,0,'0000-00-00 00:00:00','0000-00-00 00:00:00'),(140,44,23,'0000-00-00 00:00:00','0000-00-00 00:00:00'),(80,39,12,'0000-00-00 00:00:00','0000-00-00 00:00:00'),(124,33,23,'0000-00-00 00:00:00','0000-00-00 00:00:00'),(132,36,23,'0000-00-00 00:00:00','0000-00-00 00:00:00'),(83,0,0,'0000-00-00 00:00:00','0000-00-00 00:00:00'),(84,0,0,'0000-00-00 00:00:00','0000-00-00 00:00:00'),(85,0,0,'0000-00-00 00:00:00','0000-00-00 00:00:00'),(86,0,0,'0000-00-00 00:00:00','0000-00-00 00:00:00'),(87,0,0,'0000-00-00 00:00:00','0000-00-00 00:00:00'),(88,0,0,'0000-00-00 00:00:00','0000-00-00 00:00:00'),(89,0,0,'0000-00-00 00:00:00','0000-00-00 00:00:00'),(90,0,0,'0000-00-00 00:00:00','0000-00-00 00:00:00'),(91,0,0,'0000-00-00 00:00:00','0000-00-00 00:00:00'),(92,0,0,'0000-00-00 00:00:00','0000-00-00 00:00:00'),(130,41,12,'0000-00-00 00:00:00','0000-00-00 00:00:00'),(129,41,14,'0000-00-00 00:00:00','0000-00-00 00:00:00'),(128,41,13,'0000-00-00 00:00:00','0000-00-00 00:00:00'),(127,41,5,'0000-00-00 00:00:00','0000-00-00 00:00:00'),(126,41,20,'0000-00-00 00:00:00','0000-00-00 00:00:00'),(103,0,0,'0000-00-00 00:00:00','0000-00-00 00:00:00'),(104,0,0,'0000-00-00 00:00:00','0000-00-00 00:00:00'),(105,0,0,'0000-00-00 00:00:00','0000-00-00 00:00:00'),(106,0,0,'0000-00-00 00:00:00','0000-00-00 00:00:00'),(118,40,5,'0000-00-00 00:00:00','0000-00-00 00:00:00'),(135,37,23,'0000-00-00 00:00:00','0000-00-00 00:00:00'),(139,43,11,'0000-00-00 00:00:00','0000-00-00 00:00:00'),(142,45,23,'0000-00-00 00:00:00','0000-00-00 00:00:00'),(144,46,23,'0000-00-00 00:00:00','0000-00-00 00:00:00'),(145,47,5,'0000-00-00 00:00:00','0000-00-00 00:00:00'),(146,47,8,'0000-00-00 00:00:00','0000-00-00 00:00:00'),(147,47,13,'0000-00-00 00:00:00','0000-00-00 00:00:00'),(149,48,14,'0000-00-00 00:00:00','0000-00-00 00:00:00'),(151,49,11,'0000-00-00 00:00:00','0000-00-00 00:00:00'),(153,50,13,'0000-00-00 00:00:00','0000-00-00 00:00:00'),(155,51,11,'0000-00-00 00:00:00','0000-00-00 00:00:00'),(156,0,0,'0000-00-00 00:00:00','0000-00-00 00:00:00'),(157,0,0,'0000-00-00 00:00:00','0000-00-00 00:00:00'),(159,53,11,'0000-00-00 00:00:00','0000-00-00 00:00:00'),(165,52,11,'0000-00-00 00:00:00','0000-00-00 00:00:00'),(164,52,5,'0000-00-00 00:00:00','0000-00-00 00:00:00'),(167,54,11,'0000-00-00 00:00:00','0000-00-00 00:00:00');
/*!40000 ALTER TABLE `updates_tags` ENABLE KEYS */;
UNLOCK TABLES;

--
-- Table structure for table `user_favorites`
--

DROP TABLE IF EXISTS `user_favorites`;
/*!40101 SET @saved_cs_client     = @@character_set_client */;
/*!40101 SET character_set_client = utf8 */;
CREATE TABLE `user_favorites` (
  `id` int(11) NOT NULL AUTO_INCREMENT,
  `user_id` int(11) NOT NULL,
  `restaurant_id` int(11) NOT NULL,
  `created_at` datetime NOT NULL,
  `updated_at` datetime NOT NULL,
  PRIMARY KEY (`id`)
) ENGINE=MyISAM AUTO_INCREMENT=24 DEFAULT CHARSET=latin1;
/*!40101 SET character_set_client = @saved_cs_client */;

--
-- Dumping data for table `user_favorites`
--

LOCK TABLES `user_favorites` WRITE;
/*!40000 ALTER TABLE `user_favorites` DISABLE KEYS */;
INSERT INTO `user_favorites` VALUES (1,35,17,'2016-01-14 20:14:21','2016-01-14 20:14:21'),(2,35,9,'2016-01-14 20:15:49','2016-01-14 20:15:49'),(3,35,13,'2016-01-14 20:20:48','2016-01-14 20:20:48'),(4,67,35,'2016-01-30 16:18:48','2016-01-30 16:18:48'),(5,67,41,'2016-02-01 06:53:26','2016-02-01 06:53:26'),(6,67,46,'2016-02-01 06:54:09','2016-02-01 06:54:09'),(7,73,19,'2016-02-01 08:23:15','2016-02-01 08:23:15'),(8,73,20,'2016-02-01 08:24:41','2016-02-01 08:24:41'),(9,67,15,'2016-02-02 10:02:00','2016-02-02 10:02:00'),(10,67,19,'2016-02-02 10:03:56','2016-02-02 10:03:56'),(11,77,27,'2016-02-03 16:37:20','2016-02-03 16:37:20'),(21,77,16,'2016-02-09 09:50:21','2016-02-09 09:50:21'),(13,77,77,'2016-02-03 16:38:48','2016-02-03 16:38:48'),(14,77,73,'2016-02-03 16:39:31','2016-02-03 16:39:31'),(17,77,75,'2016-02-06 10:41:33','2016-02-06 10:41:33'),(16,80,44,'2016-02-05 13:34:12','2016-02-05 13:34:12'),(18,77,6,'2016-02-09 09:08:17','2016-02-09 09:08:17'),(19,88,6,'2016-02-09 09:13:12','2016-02-09 09:13:12'),(20,77,15,'2016-02-09 09:33:29','2016-02-09 09:33:29'),(22,77,17,'2016-02-09 09:55:19','2016-02-09 09:55:19'),(23,93,46,'2016-02-09 13:01:43','2016-02-09 13:01:43');
/*!40000 ALTER TABLE `user_favorites` ENABLE KEYS */;
UNLOCK TABLES;

--
-- Table structure for table `users`
--

DROP TABLE IF EXISTS `users`;
/*!40101 SET @saved_cs_client     = @@character_set_client */;
/*!40101 SET character_set_client = utf8 */;
CREATE TABLE `users` (
  `id` int(11) NOT NULL AUTO_INCREMENT,
  `firstname` varchar(200) NOT NULL,
  `lastname` varchar(200) NOT NULL,
  `mobile` varchar(50) NOT NULL,
  `contact_name` varchar(255) NOT NULL,
  `secondary_contact_name` varchar(255) NOT NULL,
  `owner_name` varchar(255) NOT NULL,
  `manager_name` varchar(250) NOT NULL,
  `restaurant_id` int(11) NOT NULL,
  `residence_address` varchar(255) NOT NULL,
  `email` varchar(250) NOT NULL,
  `secondary_email` varchar(255) NOT NULL,
  `password` varchar(250) NOT NULL,
  `original_password` varchar(255) NOT NULL,
  `type` tinyint(1) NOT NULL COMMENT '0-normal,1-admin,2-franchise,3-owner,4-manager',
  `status` tinyint(1) NOT NULL COMMENT '0-not verified,1-verified',
  `franchisee_name` varchar(255) NOT NULL,
  `franchisee_zone` varchar(255) NOT NULL,
  `franchisee_address` varchar(255) NOT NULL,
  `franchisee_logo` varchar(255) NOT NULL,
  `contact_number` varchar(25) NOT NULL,
  `secondary_contact_number` varchar(50) NOT NULL,
  `approval_status` tinyint(1) NOT NULL COMMENT '0-not approved,1-approved',
  `employee_id` int(11) NOT NULL DEFAULT '0',
  `employee_status` tinyint(1) NOT NULL DEFAULT '0',
  `gender` tinyint(1) NOT NULL COMMENT '0-male,1-female',
  `created_at` datetime NOT NULL,
  `updated_at` datetime NOT NULL,
  `uid` varchar(50) DEFAULT NULL,
  PRIMARY KEY (`id`)
) ENGINE=MyISAM AUTO_INCREMENT=95 DEFAULT CHARSET=latin1;
/*!40101 SET character_set_client = @saved_cs_client */;

--
-- Dumping data for table `users`
--

LOCK TABLES `users` WRITE;
/*!40000 ALTER TABLE `users` DISABLE KEYS */;
INSERT INTO `users` VALUES (1,'','','','','','','',0,'','resadmin@yopmail.com','res2admin@yopmail.com','$1$564.ow..$oeJ/DAwcLrmN/mg2iB5V21','testing',1,1,'','','','','','',0,0,0,0,'2015-03-17 00:00:00','2015-03-17 00:00:00',NULL),(7,'','','9810402070','Sahil','','','',0,'Delhi','sahilkapoor1987@gmail.com','','$2y$10$XiLdO3JrNrZ.CWk/8S.LhO.yzZsZZo9irGtNIpmVHpqQOH7LixOQa','testing',5,1,'','','','','9810402070','',1,0,0,0,'2015-12-26 16:56:27','2015-12-26 16:56:27',NULL),(15,'','','','Neha Periwal','','Neha Periwal','',0,'Later','thestreetboxcafe@gmail.com','bhupesh.periwal@gmail.com','$2y$10$pGlpTCueMkJ0iCIpoMk1d.9UkHVQUnHGbPnTx/glRPClfULoyUpFW','bhuneha164',3,1,'','','','','9599060238','8800245428',1,13,0,0,'2016-01-03 10:36:09','2016-01-03 10:36:09',NULL),(16,'','','','Deepak Yadav','','Deepak Yadav','',0,'Later','chiragassociate@gmail.com','','$2y$10$XZ5aiynG8oRWgT4YQcmDkO6Y34dbccGQFh.Cg5qDFDOpbQukU8Tj2','admin123',3,1,'','','','','9873628585','',1,13,0,0,'2016-01-03 13:50:36','2016-01-03 13:50:36',NULL),(17,'','','','imtiyaz khalani','Imtiyaz','imtiyaz khalani','',0,'','imtiyaz.khalani00@gmail.com','','$2y$10$JP4qyH68EA0HxHDP0pgAlOr6J8AGd/7.aOjSgbCkHsHjrF28UtLJa','imzz1233',3,1,'','','','','9638180205','9638188285',0,0,0,0,'2016-01-04 23:47:14','2016-01-04 23:47:14',NULL),(6,'','','','Demo Manager','','Makerz Software','',0,'Kothariya','ankitnagevadiya@gmail.com','','$2y$10$Jf6J1SuPHgqjT40wnJO1cuVfG7pj19YKRfAX2uYd7w8ZjLqeGtPYO','testing',3,1,'','','','','7405420830','',1,0,0,0,'2015-12-26 11:20:03','2016-01-04 06:04:58',NULL),(14,'','','','Dhruv Miglani','','Dhruv Miglani','',0,'Not Required','Dhruv.miglani@gmail.com','','$2y$10$kubTvS09a6REJoXJfEeVD.YBaTwxS6kbh9gyuSs3g8fepMb01b8gu','testabc',3,1,'','','','','9953908072','',1,13,1,0,'2016-01-03 08:53:36','2016-01-03 09:18:31',NULL),(9,'','','','Mahesh Yadav','','Mahesh Yadav','',0,'Sector 48 ,Sohna road','maheshyadav1991@gmail.com','','$2y$10$pZ5Rxzy2sJCG1lPrzRjSpOtX.a17OjbFsuP8mShzavkU1xlwRRixu','207515',3,1,'','','','','9711748715','',1,7,1,0,'2015-12-30 12:00:30','2016-02-09 09:10:49',NULL),(13,'','','9953908072','Dhruv Miglani','','','',0,'House No. E29, Sec-48, Vipul World, Sohna Road','dhruv.miglani@foozup.com','','$2y$10$w.GmeYi1PRrk6/qEAd8GLeW3kIfCp63xzC/S1sXeX8VCd.j2Yvj.K','Shruti1212',5,1,'','','','','','',1,0,0,0,'2016-01-03 08:43:54','2016-01-03 08:43:54',NULL),(18,'','','','Rajkumar Yadav','','Rajkumar Yadav','',0,'Later','explore143@gmail.com','raosmeetingpoint@gmail.com','$2y$10$qF7kDKi9kLrBtvlznoA2E.ozcoCUsDHBqkVudkiQuQfNcEUJ/N8ge','admin123',3,1,'','','','','9999133408','8860043219',1,13,0,0,'2016-01-05 09:55:29','2016-01-06 02:07:42',NULL),(19,'','','','Rishabh Shukla','','Rishabh Shukla','',0,'Later','rishabh@indiainbox.co','Rishabh.shukla@gmail.com','$2y$10$l4n236ogLjB0NVFFE/ovg.lvnSrpaZpIZgWidrn.c468y3GlErZZu','inboxtne',3,1,'','','','','9999228368','9811090006',1,13,0,0,'2016-01-05 10:58:03','2016-01-05 11:10:17',NULL),(20,'','','','Ashish Jakhar','','Ashish Jhakar','',0,'Later','ashish.jakhar88@gmail.com','','$2y$10$wGOrxPIiGQZtXTnRVelvuegDM39Ia6rrTPNTJfr8nmOHOj6RAkRTi','admin123',3,1,'','','','','8882471199','',1,13,0,0,'2016-01-05 11:57:03','2016-01-05 11:57:03',NULL),(21,'','','','Suresh Yadav','','Suresh Yadav','',0,'Later','rasoighar026@gmail.com','','$2y$10$J54pJifpoYmEn2UBroWu6.7pK3zJQ9rKZ97nh/3IcV23CUyPWbrn.','rahul1207',3,1,'','','','','9899002626','',1,13,0,0,'2016-01-05 12:58:42','2016-01-05 13:15:51',NULL),(22,'','','','Ashok Kumar Yadav','','Ashok Kumar','',0,'Later','cafeeverydaychain@gmail.com','','$2y$10$rChlJtTTUeJdCFySv8.YZec4ejv918fm4BlKV0tYBwjt3CHGflMa6','9213435248',3,1,'','','','','9213435248','',1,13,0,0,'2016-01-06 11:46:20','2016-01-06 12:05:57',NULL),(23,'','','','Vaibhav Khanna','','Vaibhav Khanna','',0,'Later','vaibhavkhanna317@gmail.com','','$2y$10$Nv5.FYLYnaGvEp/II2yB6.TorqV2FGUB3nAfLYGwGnJ90VTc.yGIi','admin123',3,1,'','','','','9810014145','',1,13,0,0,'2016-01-06 12:38:30','2016-01-06 12:44:11',NULL),(24,'','','','Mohd Azam','','Mohd Azam','',0,'Later','Mkmohdkaleem@gmail.com','','$2y$10$8/BPE8jHI52Y.vGh/3pvQO9p6BjtzqfswbMa0/VROc9ZVTjcAl26i','admin123',3,1,'','','','','9717172925','',1,13,0,0,'2016-01-08 10:06:55','2016-01-08 10:06:55',NULL),(25,'','','','Prashant Sethi','Sumit Sehgal','Prashant Sethi','',0,'Later','Orders@thefactory.co.in','','$2y$10$v6.k.mGfriIUrgl3b1tgZuP7GBRLvzIkM2vQPCV7wWIOZfxHkeLbW','admin123',3,1,'','','','','9873077221','8130119296',1,13,0,0,'2016-01-08 14:39:01','2016-01-08 14:39:01',NULL),(26,'','','','Atin Khanna','','Atin Khanna','',0,'Later','uk.exports@hotmail.com','','$2y$10$Tq3aG.fTPEo4IS7RCiI0SevIUdZHFPcSYTN4uZC3ddvzdJ0MvpWC.','admin123',3,1,'','','','','9910034073','9871884300',1,13,0,0,'2016-01-09 20:06:28','2016-01-09 20:06:28',NULL),(27,'','','','Prabhleen Singh','','Prabhleen Singh','',0,'Later','prabhleensingh@doughlicious.in','','$2y$10$jlzmfRhg9UsoroTFKiTIqOyijFIWPSitUnFo17ZUCOS4jwV2PCDFC','admin123',3,1,'','','','','9818086641','',1,13,0,0,'2016-01-09 20:34:39','2016-01-09 20:34:39',NULL),(28,'','','','Later','Later','','',0,'','nizamskathikabab@foozup.com','','$2y$10$w0ihbuMEK/YGvWLcLWUbjO4KVjQXlywwyY.mg.gKxXFDs0XRinBZ.','Franchiseeabc',2,1,'Nizam\'s Kathi Kabab','Gurgaon','Later1234','','9999999999','',1,0,0,0,'2016-01-10 18:11:20','2016-01-15 12:46:24',NULL),(29,'','','','Later','','','',0,'','rollmall@foozup.com','','$2y$10$WdMKY.xQHDj53clwHeSwPuX9ApEkb09mrQo4j5wiPYJwCF3ST9J4i','Franchiseerollmall',2,1,'Rollmall','Delhi NCR','Later1234','','9999999999','',1,0,0,0,'2016-01-10 18:19:11','2016-01-15 12:46:40',NULL),(30,'','','','Prashant Sethi','','Prashant Sethi','',0,'Later','prashantsethi00@gmail.com','','$2y$10$YFS/UFjY9y5A2bAFpViJnulE5xgouSTVcgWpsQclemQRwj.j0wcL2','admin123',3,1,'','','','','9873077221','',1,13,0,0,'2016-01-11 09:22:45','2016-01-11 09:22:45',NULL),(31,'','','','Vineet','','Vineet ','',0,'Later','Tandooriinnings@gmail.com','','$2y$10$Imgka/FhFrek8y5PqVfIiuJKpC4tb9IQm4.t4MQk17Fe7RezADoIq','admin123',3,1,'','','','','9910010905','',1,13,0,0,'2016-01-12 07:07:56','2016-01-12 07:19:26',NULL),(32,'','','','Samir Kulshreshtha','','Samir Kulshreshtha','',0,'Later','samirksh@gmail.com','','$2y$10$3.IN9m.W8UyI/odOPegRkOqfIckoBPrzyC07WVGeofGm.MrB0aHMK','admin123',3,1,'','','','','9810290625','',1,13,0,0,'2016-01-12 10:07:48','2016-01-12 10:07:48',NULL),(33,'','','','Kamal Poplai','','Kamal Poplai','',0,'Later','kamalpoplai@yahoo.com','','$2y$10$kONn6uJWpSZtMpECoTkSR.TP8IIL8LRVUsQqbO29hvhwHEkIsAV5.','admin123',3,1,'','','','','9910012365','9999555320',1,13,0,0,'2016-01-12 10:21:39','2016-01-12 10:21:39',NULL),(34,'','','','Ashish Chauhan','','Ashish Chauhan','',0,'Later','A3green@gmail.com','','$2y$10$PUhzqkXc4HmaDwX28ZNfj.rmzrKZKcLSJ4Adv4KzJ2yq9CPvHi.Ai','admin123',3,1,'','','','','9818741872','',1,13,0,0,'2016-01-12 12:37:59','2016-01-12 12:37:59',NULL),(35,'Dhruv Miglani','','','','','','',0,'','d_miglani@yahoo.co.in','','$2y$10$F83kTNeYfi23NaWg/IO0xOak5H7gk5aJUI1/QBxCDl49uKFbYUEdC','',0,1,'','','','','','',0,0,0,0,'2016-01-14 03:37:45','2016-01-16 17:06:52',NULL),(36,'','','','Samarth Setia','','Samarth Setia','',0,'Later','setia.samarth@gmail.com','','$2y$10$pNkO3cofDYzo9JWd5OcGr.IdpPQfAiMtHJFYaPu0dCu2PSl9nfOrq','admin123',3,1,'','','','','9632742575','',1,13,0,0,'2016-01-14 09:29:44','2016-01-14 09:29:44',NULL),(37,'','','','Bhuvan Gureja','','Bhuvan Gureja','',0,'Later','bhuvan.gureja@gmail.com','','$2y$10$Ai4XzmoMJx.uMXOI.jgzVuG3ViMFVqXVa5JB/KJx.g1k2/k5pZklO','admin123',3,1,'','','','','9990469830','',1,13,0,0,'2016-01-14 09:49:57','2016-01-14 09:49:57',NULL),(38,'','','','ABCDE','','','',0,'','later@wahjiwah.com','','$2y$10$gnQc4BQy6xC0dW4cfGhw7.iCC14HW7Jk6I27p0Rs5vK6EEvx6EHgC','Franchisee123',2,1,'Wah Ji Wah','Gurgaon','Later1234','','9999999999','',1,0,0,0,'2016-01-15 12:51:10','2016-01-15 12:51:56',NULL),(39,'','','','Abhishek Aggarwal','','Abhishek Aggarwal','',0,'Later','Info.caffemadhouse@gmail.com','','$2y$10$p2mXBCzzodAUyWFsWby5luKWrI8JgKF9pB1bKcWTDJ9m5xfrifkRm','admin123',3,1,'','','','','9599108872','',1,13,0,0,'2016-01-16 17:29:56','2016-01-16 17:29:56',NULL),(40,'','','','Rajat Pawa','','Rajat Pawa','',0,'Later','rajat@angrezeedhaba.com','','$2y$10$QGmMKbKRlRi5EgT.RsEG6.sfDr.Q9QHOt8XnmG2p8mFKfTg/3YVlG','rajatangrezeedhaba123',3,1,'','','','','9899940825','',1,13,0,0,'2016-01-16 17:43:52','2016-01-16 17:43:52',NULL),(41,'','','','Danny Alagh','','Danny Alagh','',0,'Later','sandburgshakes@gmail.com','dannyalagh@sandburgshakes.com','$2y$10$KfTwMRODA.MRcqKpvrowhuKkyR70uFsMv/f9lx3yO0ewj0vV4qsAq','admin123',3,1,'','','','','9999500901','',1,13,0,0,'2016-01-16 17:59:13','2016-01-16 17:59:13',NULL),(42,'','','','Sunil Kumar','','','Sunil Kumar',45,'Later','sunilkumarsonya@gmail.com','','$2y$10$5T2j46guR9iAAM1ynWfVQOdjfp.pCxqSbFRseY.lsY8xUVC/iFOqW','admin123',4,1,'','','','','9250003661','',1,0,0,0,'2016-01-16 18:42:21','2016-01-18 11:34:29',NULL),(43,'','','','Sunil Kumar','','','Sunil Kumar',44,'Later1245','suneel@nutrivito.in','','$2y$10$/hHkBfOMsIU/ZOPBwVY.WOk7JlmMCL36WsVu5qWvEgmkdw1ENHdPS','admin123',4,1,'','','','','9818557444','',1,0,0,0,'2016-01-16 18:44:50','2016-01-18 11:34:31',NULL),(44,'','','','Anand Kumar','','Anand Kumar','',0,'Later','anandkkholla3@gmail.com','','$2y$10$Z1pEALYgegDpZfcEO.pxWOLdVNZz0N5oNokWmO6vXPSLfqeleb1Te','admin123',3,1,'','','','','9599011570','',1,13,0,0,'2016-01-17 16:52:12','2016-01-17 16:52:12',NULL),(45,'','','','Vanita Malhotra','','Vanita Malhotra','',0,'Later','vanita_malhotra@hotmail.com','','$2y$10$1OhvRDNU9czfedyYBE5InOTRVTuKEWXOKikDWArVsMBXImGpEjw..','admin123',3,1,'','','','','9518503550','8130126505',1,13,0,0,'2016-01-17 16:54:49','2016-01-17 16:54:49',NULL),(46,'','','','Pravin Kumar Sinach','','Pravin Kumar Sinach','',0,'Later','praveen_7865@rediffmail.com','','$2y$10$2e6UsKxSwHFXWBWhvioOKOh.NBilaJmmoDifIdhKAOOS7B.SGulsO','admin123',3,1,'','','','','7503437113','9958524343',1,13,0,0,'2016-01-18 11:22:45','2016-01-18 11:22:45',NULL),(47,'','','','Dolly Saxena','','Dolly Saxena','',0,'Later123','mymykitchen2013@gmail.com','dolly.saxena08@gmail.com','$2y$10$0yGjhlWl47wVeIRu3w/Rn.BUTHdxTYUVdYS9znpq1Jq/fcpgRQ0G6','admin123',3,1,'','','','','9818787878','1244066868',1,13,0,0,'2016-01-18 11:39:37','2016-01-18 11:39:37',NULL),(48,'','','','Nakul Khanna','','Nakul Khanna','',0,'Later123','olivetree.baani@gmail.com','','$2y$10$zDQIYYMCoeraog.DDd.foeuy/JiSiLV7Ig8H4dlm3.pj.lHwes2ke','admin123',3,1,'','','','','9810370148','',1,13,0,0,'2016-01-20 12:53:31','2016-01-20 12:53:31',NULL),(49,'','','','Pawan Saluja','Samay','Pawan Saluja','',0,'Later123','cafekangaroos@gmail.com','','$2y$10$YT5Or5Qb.LXdwq5i3GfxWuvHk6JkldJJDEpnDR3Mx15nygGvu6TeW','admin123',3,1,'','','','','9811008825','9711008825',1,13,0,0,'2016-01-20 13:05:31','2016-01-20 13:05:31',NULL),(50,'','','','Nandita Kochhar','','Nandita Kochhar','',0,'Later123','Nandita.Kochhar1@gmail.com','','$2y$10$wePWxG/orDhRBxnUW7dqyuWQt7VxnyFqdo3PmSTlPLtikY3jgV/ie','admin123',3,1,'','','','','9811410321','',1,13,0,0,'2016-01-20 13:15:11','2016-01-20 13:15:11',NULL),(51,'','','','Ankur Deorani','','Ankur Deorani','',0,'Later123','ankurdeorani@hotmail.com','megha09@gmail.com','$2y$10$v2ocNrf8C9KfwfogOOA1G.eLOPfCGW/ijMhGUr5713uHUJ4SSkdGe','admin123',3,1,'','','','','9810595255','',1,13,0,0,'2016-01-20 13:37:59','2016-01-20 13:37:59',NULL),(52,'','','','Puneet Rekhi','','Puneet Rekhi','',0,'Later123','puneet.rekhi@gmail.com','','$2y$10$vpjq9IToF2mr7e7nBE/A4OHRv7SvjPifUnOU5SiAs4n7E9pqOrlYK','admin123',3,1,'','','','','9810552757','',1,13,0,0,'2016-01-20 13:49:43','2016-01-20 13:49:43',NULL),(53,'','','','Vikas','','','Vikas',55,'Later123','vikasy003@gmail.com','','$2y$10$yw7i0Idub1Gs5FBdEtte2uIxyH5OWImf73h7RhkjcnWh0zhISVQJK','admin123',4,1,'','','','','9910950316','',0,0,0,0,'2016-01-20 14:03:44','2016-01-20 14:03:44',NULL),(54,'','','','Sachin','','Sachin','',0,'Later123','Sachin@ambarsarichowk.com','','$2y$10$Y1/2jSFGEN0faoABnHqiteNip9ua6cidxsDw5lbEZu7onuEu9FL1O','admin123',3,1,'','','','','9999997379','',1,13,0,0,'2016-01-20 14:22:28','2016-01-20 14:22:28',NULL),(55,'','','','Manjeet Singh','','Manjeet Singh','',0,'Later123','cafemypie@gmail.com','','$2y$10$jTRejmKBYPolxpUNCEf9LO3liU1cp1p1x738GABieTZXEZ6J7yZ0K','admin123',3,1,'','','','','9999988868','',1,13,0,0,'2016-01-21 12:51:02','2016-01-21 12:51:02',NULL),(56,'Dhruv','','9953908072','','','','',0,'','tes@foozup.com','','$2y$10$ZC0qadITyOJxTbv2uNyuku0RRXh2YHj6c29KZOlr8f.5elPZRARoy','',0,0,'','','','','','',0,0,0,0,'2016-01-22 02:56:26','2016-01-22 02:56:26',NULL),(57,'','','','Laxmi Kala','Sandeep Rathura','Laxmi Kala','',0,'Later123','ybpfood@yahoo.com','vinod_kala@yahoo.com','$2y$10$XQ1ElTCW7GZziTYYOUqyr.C1WnDXokZPrpI7tbTC8L/CxDS10OqR2','admin1234',3,1,'','','','','9873319007','9818642791',1,13,0,0,'2016-01-24 18:28:35','2016-02-09 14:49:07',NULL),(58,'','','','Gaurav','','Gaurav','',0,'Later123','baani@spsfood.com','ceo@spsfood.com','$2y$10$TbYMaOzn.Z36TsUiGXURXuq75zIqh9Mr8mkZ7b/XELR7PLt5NkZH.','admin123',3,1,'','','','','9555777763','8527001111',1,13,0,0,'2016-01-24 18:38:28','2016-01-24 18:38:28',NULL),(59,'','','','Chitra Sharma','','Chitra Sharma','',0,'Later','chefs_kitchen@hotmail.com','','$2y$10$J9i5mkf8dPEdfbzS7nD4OO8eYV/9Ck.DUXHptOzUbv2xXmrVc.W7q','admin123',3,1,'','','','','9958311333','9958399333',1,13,0,0,'2016-01-24 18:50:09','2016-01-24 18:50:09',NULL),(60,'','','','Aditya Yadav','','Aditya Yadav','',0,'Later123','thegrillindia@gmail.com','','$2y$10$S0jQE28sxMpbv6ZSEsTQdu5by2fyULmICoP9cDO3CApm2r50KZTX2','saffron9',3,1,'','','','','9953537077','9953507077',1,13,0,0,'2016-01-24 19:09:03','2016-02-09 14:32:56',NULL),(61,'','','','Dheeraj Piplani','','Dheeraj Piplani','',0,'Later123','dheerajpiplani@yahoo.com','','$2y$10$QITJw74qNQCiCH7dR4tIbuX6Pz3BMFWMle1xAD4lBzmSp8q3t25dC','arjun123',3,1,'','','','','9810736701','9599946701',1,13,0,0,'2016-01-24 19:16:56','2016-02-09 15:06:06',NULL),(62,'','','','Sarthak Anand','','Sarthak Anand','',0,'Later123','sarthak.anand91@gmail.com','','$2y$10$ToyO2Ld5vdAKiUiZYDf1leV7pcaSAv1IT1cEzLQRfikoGxH1qgqSy','admin123',3,1,'','','','','9818817488','1244037897',1,13,0,0,'2016-01-26 15:09:06','2016-01-26 15:09:06',NULL),(63,'','','','Manveer','','Pawan Yadav','',0,'Later123','wangshisfood@gmail.com','','$2y$10$Tqztb02ZJzhC589AvXPi/eNRdWw/vXp3R.ew6wHy3wRsXoMlaF99K','admin123',3,1,'','','','','9999279070','',1,13,0,0,'2016-01-26 15:17:00','2016-01-26 15:17:00',NULL),(64,'','','','Arijit Roy','','Arijit Roy','',0,'Later123','arijitroy10@gmail.com','','$2y$10$hpRrscXP7l9oI22ALI6MBu47BfRXMzHA3zs6jNZG2tLOizDjBYUDK','admin123',3,1,'','','','','9810167515','',1,13,0,0,'2016-01-29 09:44:52','2016-01-29 09:44:52',NULL),(65,'','','','Saurabh Singh','Jyoti Rathore','Saurabh Singh','',0,'Later123','saurabh@eazyroam.in','jyoti.rathore_mba19@rediffmail.com','$2y$10$GhTaA99iuzWQMBd63IAATeJxKgh6VVDAbRlDWDMg3jttFdYoem3jS','admin123',3,1,'','','','','9818861116','9311308495',1,13,0,0,'2016-01-29 10:03:26','2016-01-29 10:03:26',NULL),(66,'','','','Chawlas','','','',0,'','chawlas2@chawlas.com','','$2y$10$CWGXInyq3wGj.7aUVQko0.YBTMztV3Hkb0/IhGvAJZfxFB4XyhlEm','Chawlas2',2,1,'Chawlas2','Gurgaon','Gurgaon','','9999999999','',1,0,0,0,'2016-01-29 10:27:09','2016-01-29 10:29:12',NULL),(67,'Dhruv','','','','','','',0,'','dhruv@foozup.com','','$2y$10$AOUbSDWqfF8N89VPySY5IOPVZb2uO4t91r/2GwJY7K3cNY2.NuS4e','',0,1,'','','','','','',0,0,0,0,'2016-01-30 21:42:17','2016-01-30 21:42:17',NULL),(68,'','','','Rajiv Gulati','','Rajiv Gulati','',0,'Later123','punjabitandoorggn@gmail.com','','$2y$10$2P6eHgSb0AL0R9YjowMhzO.iLx2/N0PKT9oWQ4nexkNZqVOELWBV2','admin123',3,1,'','','','','7042727750','',1,13,0,0,'2016-01-31 07:55:52','2016-01-31 07:55:52',NULL),(69,'','','','Akshit Sharma','','Akshit Sharma','',0,'Later123','akshit.cr7@gmail.com','viveksharma3d@yahoo.co.in','$2y$10$Snnq.hpaOuB6yexWtNS92ON5ARkx03tfgVTDYUlHZRHz7eIv/htNi','admin123',3,1,'','','','','8587937107','9555032333',1,13,0,0,'2016-01-31 08:19:17','2016-01-31 08:19:17',NULL),(70,'','','','Kumar Saurabh','','Kumar Saurabh','',0,'Later123','krarch@gmail.com','nkapoor78@gmail.com','$2y$10$zIpvDu.zyQx3RrOj9aB/LegQFVAK9DD7vG8vCjZlDVF7nuk3Oy7li','admin123',3,1,'','','','','9999883873','9810879392',1,13,0,0,'2016-01-31 08:51:34','2016-01-31 08:51:34',NULL),(71,'','','','Amit Prakash','','Amit Prakash','',0,'Later123','gauree7@hotmail.com','','$2y$10$UDJV6He..6MWup6sh6EzZOcSv..Dt7BH8p1VJazUGM.8yC5/RUlcC','admin123',3,1,'','','','','9810993971','9910233971',1,13,0,0,'2016-01-31 08:56:10','2016-01-31 08:56:10',NULL),(72,'','','','Jatin Kumar','','Jatin Kumar','',0,'Later123','queensbarandlounge@gmail.com','','$2y$10$PjywNAG1seJgpAjBIRW9VefAiOFUH3n878oR2DklBTgqHqG0sQukG','admin123',3,1,'','','','','9599516611','',1,13,0,0,'2016-01-31 13:51:23','2016-01-31 13:51:23',NULL),(73,'Kamaljeet','','','','','','',0,'','kamalmander@outlook.com','','$2y$10$iYSweSnj4dPVgVO16s5BkOljwPBzd5C5Rk7iAsTvv0NpuviQS5Wkm','',0,1,'','','','','','',0,0,0,0,'2016-02-01 13:47:07','2016-02-01 08:20:43',NULL),(74,'','','','Mrinal Chugh','','Mrinal Chugh','',0,'Later123','mrinal.niks@gmail.com','','$2y$10$eXtCdRBchHX74HiiNM9O1uwNTPXHCRE3PRUA.FCWbEASGkLgHKXsW','admin123',3,1,'','','','','9899820212','9899820761',1,13,0,0,'2016-02-03 12:07:03','2016-02-03 12:07:03',NULL),(75,'','','','Later','','','',0,'','shreerathnamfranchisee@gmail.com','','$2y$10$vWmHyjvkBLXuGX5riToruumnzEvjBxmmMlBy1kn4HFxGjTW6KY0WO','Shreerathnam123',2,1,'Shree Rathnam','Gurgaon','Later1234','','9999999999','',1,0,0,0,'2016-02-03 12:22:21','2016-02-03 12:23:06',NULL),(76,'','','','Rustam','','Rustam','',0,'Later123','Biryanicafeag65@gmail.com','','$2y$10$T2khL..w.bpPf.apazGBwuw3TDOWDgbKDGk8IMMG3H8WqeBBtk2Ie','admin123',3,1,'','','','','9990520344','',1,13,0,0,'2016-02-03 13:46:18','2016-02-03 13:46:18',NULL),(77,'Pranav Garg','','','','','','',0,'','pranavgarg1507@gmail.com','','$2y$10$AFyKKfNYzgMeYYbNiQ51oO.gcwK3Z7hA3Oprykh.XDQMGVV9wsILa','',0,1,'','','','','','',0,0,0,0,'2016-02-03 22:06:35','2016-02-03 22:06:35',NULL),(78,'','','','Vaibhav Dhingra','','Vaibhav Dhingra','',0,'307 South City 2, F Block, 3rd Floor','khansama.chef@gmail.com','','$2y$10$EatdnSOcyzryY8lZesjKfeQS6v.UQfhqfx2pEzG8VlDIOC08GmF/y','admin123',3,1,'','','','','9899066510','',1,13,0,0,'2016-02-04 11:50:17','2016-02-04 11:50:17',NULL),(79,'','','','Neeraj Kumar','','Neeraj Kumar','',0,'Cg-99, Arcadia Unitech, South City 2','neerajkr01@gmail.com','','$2y$10$6j/Vlf05pwbJqrt4T6EhG.Lnkq0vSObRrfIEuBjODNREfTmdgjAiy','admin123',3,1,'','','','','987109810','',1,13,0,0,'2016-02-04 12:00:35','2016-02-04 12:00:35',NULL),(80,'Dhruv','','','','','','',0,'','Dhruv@yahoo.com','','$2y$10$BvyC2Xc7MLHlPLwVIxsQ8u1dJPUh5bSh6Q13NKI9h4WIDWZLffM2S','',0,1,'','','','','','',0,0,0,0,'2016-02-05 19:01:35','2016-02-05 19:01:35',NULL),(81,'','','','Vinay Yadav','','Vinay Yadav','',0,'Later123','vinaythr4u@gmail.com','','$2y$10$vszfZ9eO4SVHRV35Z2w6Ceh49mGO7YonebFNqoFy5OEH.T0dvX9rG','admin123',3,1,'','','','','8587868787','',1,13,0,0,'2016-02-06 09:44:05','2016-02-06 09:44:05',NULL),(82,'','','9910656008','Pranav Kumar','','','',0,'HNO-528/39, Cancon Enclave, Sector-4, Gurgaon','pranavgarg3317@gmail.com','','$2y$10$dItc.B4otbsRjjzz2EftoOtCmMK9wd2EnXJojL194YFPwAs2VXAPi','9910656008',5,1,'','','','','9910656008','',1,0,0,0,'2016-02-06 09:56:03','2016-02-06 09:56:03',NULL),(83,'','','','Aparna Andrews','','Aparna Andrews','',0,'Later123','aparna@biryaniblues.com','','$2y$10$FwZo/VkAnLb12GVToxkN3ulPpQyVnxL9RkNG0eG6xizOkmh0uYbAS','admin123',3,1,'','','','','9899307308','9560815588',1,13,0,0,'2016-02-06 09:57:12','2016-02-06 09:57:12',NULL),(84,'','','','Rajat Sharma','','Rajat Sharma','',0,'Later123','rajat.sharma@cafemyst.com','','$2y$10$1oHZD2PBwTIhPqSBsx3oRO9RNQWUCfhhD3Rnu1CvIT1mQ518uHLbC','admin123',3,1,'','','','','9599185336','',1,13,0,0,'2016-02-06 11:07:22','2016-02-06 11:07:22',NULL),(85,'tester','','','','','','',0,'','test@rocketmail.com','','$2y$10$cmVTm3HgzhX8prRziTi4/er9oQngN2MY9kAW8JxqTmqrTUJTY8st.','',0,1,'','','','','','',0,0,0,0,'2016-02-08 16:22:44','2016-02-08 16:22:44',NULL),(86,'Chhavi Deswal','','','','','','',0,'','','','$2y$10$WvgxEl4rrOSAckwzTxlhde2YyIbOkxG4TycewsnGMa415NU5JpD5q','',0,1,'','','','','','',0,0,0,0,'2016-02-08 17:17:00','2016-02-08 17:17:00','10156469921120316'),(87,'Ankit Nagewadia','','','','','','',0,'','','','$2y$10$1ADi82qNL2YFpvBNaa0S6.7lqckmNq4u6uSe1NoKXXZCUJdnAcxO6','',0,1,'','','','','','',0,0,0,0,'2016-02-08 17:17:10','2016-02-08 17:17:10','1278388735511492'),(88,'Mahesh Yadav','','','','','','',0,'','','','$2y$10$yvlzZEPGncdZESZGXzLMyuSgDAxVrYpwfxYZftpJinQ2Mbc0CgSwK','',0,1,'','','','','','',0,0,0,0,'2016-02-09 09:11:58','2016-02-09 09:11:58','10204001157667654'),(89,'','','','Sonu Yadav','','Sonu Yadav','',0,'Later123','lazeezfood06@gmail.com','','$2y$10$Hde/V1Hw1SkWi1EJf6UOEetZATLbnSzqTOSdLjPbnSAFUhfXE8.uq','admin123',3,1,'','','','','9999389075','9211010888',1,13,0,0,'2016-02-09 11:33:34','2016-02-09 11:33:34',NULL),(90,'','','','Tapan Kaviraaj','','Tapan Kaviraaj','',0,'Later123','Tapankaviraaj888@gmail.com','','$2y$10$2YR.xJpwesTAvAokRcVUb.zHULoe9i10q8n2VcQ7AIok.ONyPYW2G','admin123',3,1,'','','','','9069627601','',1,13,0,0,'2016-02-09 11:43:06','2016-02-09 11:43:06',NULL),(91,'','','','Puneet Mithra','','Puneet Mithra','',0,'Later123','Puneetmithra@gmail.com','','$2y$10$RctRy22EgEJm9uOPp3fXQ.a1qyXmfD4G2by8dVkYKjTZufA0LDlNa','admin123',3,1,'','','','','9871008442','',1,13,0,0,'2016-02-09 11:54:23','2016-02-09 11:54:23',NULL),(92,'','','','Nishant Verma','','Nishant Verma','',0,'Later123','The-owlet@outlook.com','','$2y$10$qyIf.cqVyphZnw3Szo7xNerkgyBgSp8RzBCKwWO4e7x86XydQKPCy','admin123',3,1,'','','','','9910241176','',1,13,0,0,'2016-02-09 12:08:27','2016-02-09 12:08:27',NULL),(93,'Pranav Garg','','','','','','',0,'','','','$2y$10$doeR3O/9fzdZBXzQQYYCfOBns3Pp9fLICuY2s6aT1NJUECryQ.cQK','',0,1,'','','','','','',0,0,0,0,'2016-02-09 12:31:22','2016-02-09 12:31:22','983250991744082'),(94,'Kamaljeet Singh Mander','','','','','','',0,'','','','$2y$10$b/iaD25xI3oOr3DTuUikLelAyGFUtXkhptPCZ5vPHeP2KTswctXVW','',0,1,'','','','','','',0,0,0,0,'2016-02-09 14:15:30','2016-02-09 14:15:30','10205539996846024');
/*!40000 ALTER TABLE `users` ENABLE KEYS */;
UNLOCK TABLES;
/*!40103 SET TIME_ZONE=@OLD_TIME_ZONE */;

/*!40101 SET SQL_MODE=@OLD_SQL_MODE */;
/*!40014 SET FOREIGN_KEY_CHECKS=@OLD_FOREIGN_KEY_CHECKS */;
/*!40014 SET UNIQUE_CHECKS=@OLD_UNIQUE_CHECKS */;
/*!40101 SET CHARACTER_SET_CLIENT=@OLD_CHARACTER_SET_CLIENT */;
/*!40101 SET CHARACTER_SET_RESULTS=@OLD_CHARACTER_SET_RESULTS */;
/*!40101 SET COLLATION_CONNECTION=@OLD_COLLATION_CONNECTION */;
/*!40111 SET SQL_NOTES=@OLD_SQL_NOTES */;

-- Dump completed on 2016-02-09 23:44:21
